Post_ID,Post_Date,Platform,Hashtag,Content_Type,Region,Views,Likes,Shares,Comments,Engagement_Level,Interactions,Engagement_Rate,Like_Rate,Share_Rate,Comment_Rate,Year,Post_Month,Post_Quarter,Day_Of_Week,Is_Fitness,Reach_Tier,Format_Group
Post_14,2022-11-08,YouTube,#Fitness,Reel,Japan,1633015,312907,45774,30725,High,389406,0.23845831177300883,0.1916130592799209,0.028030361019341525,0.018814891473746414,2022,2022-11,2022Q4,Tuesday,1,T2 Growth reach,Short video
Post_56,2023-08-25,YouTube,#Fitness,Tweet,Australia,3934991,389693,81891,32967,Medium,504551,0.12822164015114648,0.09903275509397608,0.020810975171226567,0.00837790988594383,2023,2023-08,2023Q3,Friday,1,T4 Mega reach,Text post
Post_69,2022-01-20,Twitter,#Fitness,Tweet,USA,581577,341805,67524,485,High,409814,0.7046599160558276,0.5877209724593648,0.11610500415250259,0.0008339394439601291,2022,2022-01,2022Q1,Thursday,1,T1 Emerging reach,Text post
Post_70,2022-02-05,YouTube,#Fitness,Tweet,Australia,4226427,421149,53769,27804,Medium,502722,0.11894728100118611,0.09964658090628326,0.01272209362660233,0.006578606468300529,2022,2022-02,2022Q1,Saturday,1,T4 Mega reach,Text post
Post_77,2022-05-10,Twitter,#Fitness,Shorts,India,1535141,15408,23087,23147,Medium,61642,0.040153966313192076,0.010036863063392874,0.015039009446037855,0.015078093803761348,2022,2022-05,2022Q2,Tuesday,1,T2 Growth reach,Short video
Post_85,2023-10-28,Twitter,#Fitness,Shorts,Brazil,4357287,106179,4262,12978,Medium,123419,0.02832473509318987,0.024368144673508996,0.0009781315759095051,0.002978458843771365,2023,2023-10,2023Q4,Saturday,1,T4 Mega reach,Short video
Post_86,2022-10-05,TikTok,#Fitness,Shorts,Canada,907386,52457,77192,32870,High,162519,0.17910679688688166,0.057811118972521065,0.0850707416689259,0.036224936245434686,2022,2022-10,2022Q4,Wednesday,1,T1 Emerging reach,Short video
Post_90,2022-03-21,YouTube,#Fitness,Reel,Japan,1173157,137342,95328,47250,Low,279920,0.23860404020945195,0.11707043473294708,0.08125766627996082,0.04027593919654403,2022,2022-03,2022Q1,Monday,1,T1 Emerging reach,Short video
Post_91,2023-07-12,TikTok,#Fitness,Reel,Germany,2141884,23466,66627,40003,High,130096,0.0607390502940402,0.01095577538279384,0.0311067266014406,0.01867654830980576,2023,2023-07,2023Q3,Wednesday,1,T2 Growth reach,Short video
Post_106,2022-07-10,Twitter,#Fitness,Live Stream,USA,3926751,302919,49216,30399,Low,382534,0.09741743237602792,0.07714240093145708,0.012533516894755995,0.007741514549814847,2022,2022-07,2022Q3,Sunday,1,T4 Mega reach,Live stream
Post_109,2023-10-19,Instagram,#Fitness,Video,USA,4844012,452777,44862,23870,High,521509,0.10766055079962643,0.09347148603265228,0.00926133130966645,0.004927733457307703,2023,2023-10,2023Q4,Thursday,1,T4 Mega reach,Long-form video
Post_125,2022-12-12,YouTube,#Fitness,Video,USA,3901900,20166,30661,25363,Low,76190,0.019526384581870372,0.005168251364719752,0.007857966631640996,0.006500166585509623,2022,2022-12,2022Q4,Monday,1,T4 Mega reach,Long-form video
Post_136,2022-04-30,TikTok,#Fitness,Shorts,Australia,1851460,345987,13274,43872,Low,403133,0.21773789333823038,0.18687252222570297,0.007169477061346181,0.02369589405118123,2022,2022-04,2022Q2,Saturday,1,T2 Growth reach,Short video
Post_140,2022-12-23,TikTok,#Fitness,Video,USA,1089083,150418,45387,25632,Medium,221437,0.20332426454182095,0.13811435859342217,0.04167450965628882,0.023535396292109968,2022,2022-12,2022Q4,Friday,1,T1 Emerging reach,Long-form video
Post_157,2022-09-13,Twitter,#Fitness,Reel,India,2114283,462542,14404,37153,Low,514099,0.2431552445911924,0.21877014571843031,0.006812711448751185,0.017572387424010884,2022,2022-09,2022Q3,Tuesday,1,T2 Growth reach,Short video
Post_165,2022-06-12,TikTok,#Fitness,Live Stream,Australia,1551922,47511,7404,25497,Low,80412,0.05181445974733266,0.030614296337058176,0.004770858329220154,0.01642930508105433,2022,2022-06,2022Q2,Sunday,1,T2 Growth reach,Live stream
Post_173,2023-04-25,Instagram,#Fitness,Tweet,Australia,2275387,271817,72208,27046,High,371071,0.1630803902808621,0.11945967872717915,0.03173438188756462,0.011886329666118335,2023,2023-04,2023Q2,Tuesday,1,T2 Growth reach,Text post
Post_177,2022-11-15,YouTube,#Fitness,Shorts,USA,1598712,280260,58128,4485,High,342873,0.21446827195892693,0.17530361941362796,0.03635926921171543,0.0028053833335835348,2022,2022-11,2022Q4,Tuesday,1,T2 Growth reach,Short video
Post_179,2022-10-27,Twitter,#Fitness,Reel,UK,1519290,495937,13211,49107,Low,558255,0.367444661651166,0.3264268177898887,0.008695509086481186,0.032322334774796124,2022,2022-10,2022Q4,Thursday,1,T2 Growth reach,Short video
Post_180,2022-10-05,Instagram,#Fitness,Tweet,Canada,4888613,414422,11933,23903,High,450258,0.09210342483645156,0.08477292025365886,0.0024409786579547206,0.004889525924837986,2022,2022-10,2022Q4,Wednesday,1,T4 Mega reach,Text post
Post_211,2023-10-23,TikTok,#Fitness,Shorts,India,1580449,299597,35471,1908,High,336976,0.213215358420297,0.18956448452306907,0.022443622033991605,0.0012072518632363334,2023,2023-10,2023Q4,Monday,1,T2 Growth reach,Short video
Post_216,2023-03-02,TikTok,#Fitness,Post,USA,4497673,460735,96637,47633,Medium,605005,0.1345151148160393,0.10243852765641255,0.02148599953798331,0.01059058762164346,2023,2023-03,2023Q1,Thursday,1,T4 Mega reach,Image post
Post_227,2022-07-14,TikTok,#Fitness,Shorts,Australia,4096796,365062,58371,48138,Medium,471571,0.11510726919280335,0.08910914773398529,0.01424796353052483,0.011750157928293233,2022,2022-07,2022Q3,Thursday,1,T4 Mega reach,Short video
Post_233,2022-03-08,TikTok,#Fitness,Post,Canada,2095875,78244,43598,16006,Low,137848,0.0657710979900996,0.037332379077950735,0.020801813085226935,0.00763690582692193,2022,2022-03,2022Q1,Tuesday,1,T2 Growth reach,Image post
Post_236,2023-08-16,Instagram,#Fitness,Reel,Brazil,4708687,133736,49028,3765,Medium,186529,0.039613803168484125,0.02840197277924823,0.010412244432471303,0.0007995859567645928,2023,2023-08,2023Q3,Wednesday,1,T4 Mega reach,Short video
Post_250,2022-07-01,YouTube,#Fitness,Post,Canada,762333,406861,79834,13785,Medium,500480,0.6565109997861827,0.5337050868846029,0.10472326398043899,0.01808264892114076,2022,2022-07,2022Q3,Friday,1,T1 Emerging reach,Image post
Post_255,2023-11-06,TikTok,#Fitness,Video,Japan,3714148,291659,27722,28024,High,347405,0.09353558339624592,0.07852648844364844,0.007463892122769475,0.007545202829827998,2023,2023-11,2023Q4,Monday,1,T3 Established reach,Long-form video
Post_258,2023-12-02,Instagram,#Fitness,Post,Australia,2787914,198350,96753,45466,Medium,340569,0.12215907664296675,0.07114638399893254,0.034704442102589966,0.016308250541444247,2023,2023-12,2023Q4,Saturday,1,T3 Established reach,Image post
Post_262,2022-10-23,Twitter,#Fitness,Live Stream,USA,4330038,118835,19134,27781,High,165750,0.03827910979072239,0.027444331897318222,0.004418898864167012,0.006415879029237157,2022,2022-10,2022Q4,Sunday,1,T4 Mega reach,Live stream
Post_263,2023-02-06,YouTube,#Fitness,Video,Canada,2714016,86422,85827,36320,High,208569,0.07684884687488946,0.031842848384092064,0.031623616073007677,0.013382382417789726,2023,2023-02,2023Q1,Monday,1,T3 Established reach,Long-form video
Post_276,2023-02-10,Twitter,#Fitness,Video,USA,4643597,200851,87149,35230,Low,323230,0.06960767697972067,0.04325332280126807,0.01876756316278092,0.007586791015671687,2023,2023-02,2023Q1,Friday,1,T4 Mega reach,Long-form video
Post_284,2022-11-05,Instagram,#Fitness,Tweet,India,1966067,136472,63614,18304,Medium,218390,0.11107963258627504,0.06941370767120347,0.03235596752297862,0.009309957392092946,2022,2022-11,2022Q4,Saturday,1,T2 Growth reach,Text post
Post_296,2022-01-14,TikTok,#Fitness,Live Stream,India,4820393,44861,86973,46410,Medium,178244,0.03697706805233515,0.009306502602588628,0.01804271975334791,0.009627845696398614,2022,2022-01,2022Q1,Friday,1,T4 Mega reach,Live stream
Post_310,2023-03-13,TikTok,#Fitness,Shorts,Australia,2337694,429342,49196,28304,Medium,506842,0.21681280783541387,0.183660479087511,0.021044670517184883,0.012107658230717964,2023,2023-03,2023Q1,Monday,1,T2 Growth reach,Short video
Post_318,2023-12-05,Twitter,#Fitness,Video,UK,4719001,143216,93614,38476,Low,275306,0.05833989015895525,0.030348796281246815,0.019837673270253597,0.008153420607454841,2023,2023-12,2023Q4,Tuesday,1,T4 Mega reach,Long-form video
Post_326,2023-01-18,TikTok,#Fitness,Video,USA,2580238,118495,10621,34440,Medium,163556,0.06338795103397439,0.0459240581682775,0.00411628694717309,0.013347605918523795,2023,2023-01,2023Q1,Wednesday,1,T2 Growth reach,Long-form video
Post_336,2023-02-27,Twitter,#Fitness,Reel,Brazil,3708615,239914,45200,8352,Low,293466,0.07913088848532404,0.06469099650408576,0.012187838316999742,0.0022520536642385365,2023,2023-02,2023Q1,Monday,1,T3 Established reach,Short video
Post_348,2023-02-16,YouTube,#Fitness,Tweet,Brazil,3577708,6650,74312,12776,Low,93738,0.026200573104345017,0.0018587319032184852,0.02077083987849204,0.003571001322634491,2023,2023-02,2023Q1,Thursday,1,T3 Established reach,Text post
Post_368,2023-09-21,TikTok,#Fitness,Video,Germany,2014353,461968,86514,36689,High,585171,0.29050072157164114,0.22933815473256178,0.04294877809400835,0.018213788745071,2023,2023-09,2023Q3,Thursday,1,T2 Growth reach,Long-form video
Post_389,2022-09-01,Instagram,#Fitness,Shorts,Japan,4582997,440332,73379,85,Low,513796,0.1121091722294385,0.09607948685107147,0.016011138562822536,1.8546815544500684e-05,2022,2022-09,2022Q3,Thursday,1,T4 Mega reach,Short video
Post_401,2023-02-08,TikTok,#Fitness,Shorts,Germany,4968911,151416,16628,7048,Medium,175092,0.03523749972579505,0.03047267298609293,0.0033464072912555687,0.001418419448446551,2023,2023-02,2023Q1,Wednesday,1,T4 Mega reach,Short video
Post_405,2023-07-15,Twitter,#Fitness,Tweet,Germany,1779685,337898,22528,24827,Medium,385253,0.21647257801240108,0.18986393659552112,0.012658419888912925,0.013950221527967028,2023,2023-07,2023Q3,Saturday,1,T2 Growth reach,Text post
Post_420,2022-09-01,Instagram,#Fitness,Live Stream,UK,951304,342048,65047,35490,Medium,442585,0.46524034378074725,0.3595569870409459,0.06837667033881914,0.03730668640098223,2022,2022-09,2022Q3,Thursday,1,T1 Emerging reach,Live stream
Post_430,2022-02-18,YouTube,#Fitness,Tweet,Canada,2151293,496319,47342,12951,Low,556612,0.2587337010811637,0.23070730021433622,0.02200630039701705,0.006020100469810482,2022,2022-02,2022Q1,Friday,1,T2 Growth reach,Text post
Post_445,2023-11-29,TikTok,#Fitness,Reel,India,1742308,243400,13662,22362,High,279424,0.16037577741708126,0.13969975457840977,0.007841323118530134,0.01283469972014133,2023,2023-11,2023Q4,Wednesday,1,T2 Growth reach,Short video
Post_467,2022-12-03,Twitter,#Fitness,Tweet,Australia,3684089,213042,71881,21008,Low,305931,0.08304115345747619,0.057827593198752796,0.019511200733749918,0.005702359524973474,2022,2022-12,2022Q4,Saturday,1,T3 Established reach,Text post
Post_468,2022-12-15,Twitter,#Fitness,Post,USA,2524980,18862,77762,16925,Low,113549,0.04497025719015596,0.007470158179470728,0.030797075620400953,0.0067030233902842795,2022,2022-12,2022Q4,Thursday,1,T2 Growth reach,Image post
Post_477,2023-09-27,YouTube,#Fitness,Live Stream,India,4473535,329945,58746,11543,Low,400234,0.08946705457764385,0.07375487170660339,0.013131896810911281,0.002580286060129182,2023,2023-09,2023Q3,Wednesday,1,T4 Mega reach,Live stream
Post_479,2023-06-01,Twitter,#Fitness,Reel,India,3033602,338637,28669,36429,Low,403735,0.13308766278503245,0.11162868431653196,0.009450481638659258,0.012008496829841226,2023,2023-06,2023Q2,Thursday,1,T3 Established reach,Short video
Post_487,2023-05-28,YouTube,#Fitness,Post,Australia,3574391,163649,27522,2558,Medium,193729,0.054199162878375645,0.04578374330060701,0.00769977319213259,0.0007156463856360426,2023,2023-05,2023Q2,Sunday,1,T3 Established reach,Image post
Post_546,2022-09-22,Instagram,#Fitness,Live Stream,USA,2359516,394171,34790,26112,High,455073,0.1928670964723274,0.16705587078027867,0.014744549305874594,0.011066676386174115,2022,2022-09,2022Q3,Thursday,1,T2 Growth reach,Live stream
Post_553,2022-06-25,TikTok,#Fitness,Video,UK,4489295,37622,68224,46460,Low,152306,0.033926485116259904,0.008380380438353907,0.015197040960774465,0.010349063717131532,2022,2022-06,2022Q2,Saturday,1,T4 Mega reach,Long-form video
Post_555,2023-06-08,Twitter,#Fitness,Post,Brazil,4303043,415815,78416,44101,Low,538332,0.12510495479594325,0.09663277824553461,0.01822338284790554,0.01024879370250309,2023,2023-06,2023Q2,Thursday,1,T4 Mega reach,Image post
Post_561,2023-09-15,TikTok,#Fitness,Video,Canada,1568096,365320,56390,19992,Low,441702,0.28168045833928534,0.23297043038181336,0.03596080852192723,0.012749219435544763,2023,2023-09,2023Q3,Friday,1,T2 Growth reach,Long-form video
Post_567,2023-08-31,YouTube,#Fitness,Shorts,Japan,449430,369184,10787,30236,Medium,410207,0.9127272322719889,0.821449391451394,0.024001513027612754,0.06727632779298222,2023,2023-08,2023Q3,Thursday,1,T1 Emerging reach,Short video
Post_609,2023-02-07,TikTok,#Fitness,Tweet,India,3722792,275554,76015,15183,High,366752,0.09851530786570939,0.07401810254239291,0.020418814696066823,0.004078390627249655,2023,2023-02,2023Q1,Tuesday,1,T3 Established reach,Text post
Post_631,2023-03-26,Twitter,#Fitness,Shorts,Brazil,2867658,292790,75817,2085,High,370692,0.12926646064488861,0.10210073865154073,0.02643864784433848,0.0007270741490094007,2023,2023-03,2023Q1,Sunday,1,T3 Established reach,Short video
Post_649,2022-11-25,YouTube,#Fitness,Live Stream,USA,3024496,297653,31120,39751,High,368524,0.12184641672529903,0.09841408287529559,0.01028931762515143,0.013143016224852009,2022,2022-11,2022Q4,Friday,1,T3 Established reach,Live stream
Post_657,2023-12-02,YouTube,#Fitness,Tweet,UK,2599776,486383,53906,18139,Medium,558428,0.21479850571741566,0.18708650283716752,0.020734863311300665,0.006977139568947479,2023,2023-12,2023Q4,Saturday,1,T2 Growth reach,Text post
Post_664,2022-06-21,Twitter,#Fitness,Reel,USA,2840705,96581,28967,27454,Medium,153002,0.053860573343589006,0.033998954484890195,0.010197116560853732,0.009664502297845077,2022,2022-06,2022Q2,Tuesday,1,T3 Established reach,Short video
Post_677,2023-08-24,TikTok,#Fitness,Video,Australia,4678230,245665,56894,12110,Medium,314669,0.06726240479839597,0.05251238181961981,0.012161437124724521,0.0025885858540516393,2023,2023-08,2023Q3,Thursday,1,T4 Mega reach,Long-form video
Post_685,2022-08-13,Instagram,#Fitness,Reel,Australia,3471793,286422,67665,17667,Medium,371754,0.10707838860208543,0.08249973428715364,0.019489929267096282,0.005088725047835513,2022,2022-08,2022Q3,Saturday,1,T3 Established reach,Short video
Post_702,2022-10-19,Twitter,#Fitness,Post,Japan,3833320,377497,20389,24912,Medium,422798,0.1102955140713533,0.09847782079242015,0.00531888806569762,0.006498805213235525,2022,2022-10,2022Q4,Wednesday,1,T3 Established reach,Image post
Post_704,2023-01-23,Twitter,#Fitness,Video,USA,963602,335585,45110,33791,High,414486,0.4301423201695306,0.3482610040244831,0.04681393355347955,0.035067382591567886,2023,2023-01,2023Q1,Monday,1,T1 Emerging reach,Long-form video
Post_733,2022-11-13,Twitter,#Fitness,Post,Germany,2285860,369389,2395,38701,Low,410485,0.1795757395466039,0.16159738566666376,0.0010477457062112291,0.016930608173728923,2022,2022-11,2022Q4,Sunday,1,T2 Growth reach,Image post
Post_757,2023-10-26,Instagram,#Fitness,Post,Japan,1492331,319292,58566,8303,Medium,386161,0.25876363889780485,0.2139552150293735,0.03924464478724894,0.005563779081182392,2023,2023-10,2023Q4,Thursday,1,T2 Growth reach,Image post
Post_780,2022-06-26,YouTube,#Fitness,Live Stream,Brazil,4913424,4745,61101,19149,High,84995,0.01729852746272253,0.0009657216637522021,0.01243552357785528,0.0038972822211150514,2022,2022-06,2022Q2,Sunday,1,T4 Mega reach,Live stream
Post_796,2023-12-16,Instagram,#Fitness,Shorts,UK,4490630,166824,45589,4926,Low,217339,0.04839833163720903,0.03714935320879253,0.010152027666496683,0.0010969507619198197,2023,2023-12,2023Q4,Saturday,1,T4 Mega reach,Short video
Post_805,2022-05-15,Twitter,#Fitness,Shorts,Japan,1338606,418866,60546,709,High,480121,0.35867238007300134,0.3129120891434821,0.04523063545210465,0.0005296554774145641,2022,2022-05,2022Q2,Sunday,1,T1 Emerging reach,Short video
Post_808,2022-12-15,Twitter,#Fitness,Live Stream,Canada,3827204,274844,60816,10144,Low,345804,0.09035421158631732,0.07181326106473551,0.01589045161951127,0.0026504989020705457,2022,2022-12,2022Q4,Thursday,1,T3 Established reach,Live stream
Post_813,2023-01-25,Instagram,#Fitness,Post,Australia,998555,225198,8583,34716,Low,268497,0.26888553960472883,0.22552388200950374,0.008595420382452644,0.03476623721277246,2023,2023-01,2023Q1,Wednesday,1,T1 Emerging reach,Image post
Post_819,2022-10-01,Instagram,#Fitness,Live Stream,Japan,1365802,451503,91330,25121,Low,567954,0.4158391919180086,0.3305771993305032,0.06686913622911667,0.018392856358388696,2022,2022-10,2022Q4,Saturday,1,T1 Emerging reach,Live stream
Post_830,2022-01-12,Twitter,#Fitness,Live Stream,India,2552020,45301,86964,1054,Medium,133319,0.05224057805189614,0.017751036433883746,0.03407653545034914,0.0004130061676632628,2022,2022-01,2022Q1,Wednesday,1,T2 Growth reach,Live stream
Post_836,2022-11-24,Instagram,#Fitness,Tweet,USA,2609916,421798,69244,20168,High,511210,0.19587220431615424,0.1616136304769962,0.026531122074426917,0.007727451764731125,2022,2022-11,2022Q4,Thursday,1,T2 Growth reach,Text post
Post_853,2023-10-18,TikTok,#Fitness,Video,UK,3185451,489381,98149,34483,High,622013,0.1952668554625389,0.15363005112933772,0.030811649590591725,0.010825154742609444,2023,2023-10,2023Q4,Wednesday,1,T3 Established reach,Long-form video
Post_858,2022-07-12,Twitter,#Fitness,Reel,Germany,906698,201588,49402,48909,Medium,299899,0.33075952522229013,0.22233202234922764,0.054485617041175785,0.05394188583188669,2022,2022-07,2022Q3,Tuesday,1,T1 Emerging reach,Short video
Post_862,2023-07-28,Instagram,#Fitness,Shorts,USA,3139127,70363,97084,127,Low,167574,0.053382357579033916,0.022414830620105526,0.030927069850949007,4.0457107979384076e-05,2023,2023-07,2023Q3,Friday,1,T3 Established reach,Short video
Post_867,2022-03-28,YouTube,#Fitness,Shorts,Germany,1153858,36011,15306,46185,Medium,97502,0.08450086579111121,0.031209212918747366,0.01326506381201153,0.040026589060352315,2022,2022-03,2022Q1,Monday,1,T1 Emerging reach,Short video
Post_876,2022-02-05,YouTube,#Fitness,Post,India,777206,279969,17264,9519,High,306752,0.3946855788555415,0.36022495966320384,0.022212901084139855,0.012247718108197827,2022,2022-02,2022Q1,Saturday,1,T1 Emerging reach,Image post
Post_878,2022-08-05,YouTube,#Fitness,Live Stream,Australia,2730742,380894,97358,46960,Low,525212,0.19233307284247286,0.13948370076704428,0.03565258087362336,0.017196791201805225,2022,2022-08,2022Q3,Friday,1,T3 Established reach,Live stream
Post_879,2022-01-01,Twitter,#Fitness,Post,Brazil,3536654,292882,7966,37642,Medium,338490,0.09570910810048142,0.08281330319561936,0.002252411460097595,0.010643393444764459,2022,2022-01,2022Q1,Saturday,1,T3 Established reach,Image post
Post_883,2023-02-27,YouTube,#Fitness,Live Stream,Australia,1416870,368333,28809,5632,High,402774,0.28427025768066233,0.2599624524480016,0.02033284634440704,0.003974958888253686,2023,2023-02,2023Q1,Monday,1,T1 Emerging reach,Live stream
Post_904,2023-02-23,TikTok,#Fitness,Video,Australia,579923,487181,219,39465,High,526865,0.9085085433755861,0.8400787690779637,0.0003776363413763551,0.06805213795624591,2023,2023-02,2023Q1,Thursday,1,T1 Emerging reach,Long-form video
Post_907,2022-03-19,Instagram,#Fitness,Live Stream,USA,2309871,288470,79217,46717,High,414404,0.179405689754969,0.12488576201874477,0.03429498876777101,0.020224938968453218,2022,2022-03,2022Q1,Saturday,1,T2 Growth reach,Live stream
Post_914,2022-06-18,Twitter,#Fitness,Shorts,Brazil,4741739,170278,66069,18352,High,254699,0.05371425968405262,0.035910453949489836,0.01393349570695477,0.003870310027608015,2022,2022-06,2022Q2,Saturday,1,T4 Mega reach,Short video
Post_920,2022-10-20,TikTok,#Fitness,Post,India,1265641,256012,70345,37884,High,364241,0.287791719768876,0.20227852921958123,0.05558053192018906,0.029932658629105727,2022,2022-10,2022Q4,Thursday,1,T1 Emerging reach,Image post
Post_929,2023-06-17,Instagram,#Fitness,Tweet,USA,1115324,415045,34081,31910,Low,481036,0.4312970939386223,0.3721295336601741,0.03055703992741123,0.02861052035103701,2023,2023-06,2023Q2,Saturday,1,T1 Emerging reach,Text post
Post_942,2022-08-19,YouTube,#Fitness,Tweet,USA,2450619,393130,29439,16494,Low,439063,0.17916412139137092,0.1604206937104462,0.012012883275613223,0.006730544405311474,2022,2022-08,2022Q3,Friday,1,T2 Growth reach,Text post
Post_949,2023-02-02,Twitter,#Fitness,Video,Germany,1198783,102757,64448,45215,Low,212420,0.17719637332194402,0.08571776543377742,0.05376118947299052,0.037717418415176056,2023,2023-02,2023Q1,Thursday,1,T1 Emerging reach,Long-form video
Post_951,2022-06-26,TikTok,#Fitness,Reel,Brazil,3207539,370923,31855,28893,Low,431671,0.13458012513643638,0.11564099454441551,0.00993129000146218,0.009007840590558681,2022,2022-06,2022Q2,Sunday,1,T3 Established reach,Short video
Post_965,2022-08-19,TikTok,#Fitness,Video,UK,3175553,292632,83336,2755,High,378723,0.11926206238724404,0.09215150872934573,0.026242988229136784,0.0008675654287615417,2022,2022-08,2022Q3,Friday,1,T3 Established reach,Long-form video
Post_967,2022-12-30,Instagram,#Fitness,Reel,UK,1803252,274745,62197,45341,Medium,382283,0.2119964375472757,0.1523608458496095,0.03449157411166049,0.025144017586005728,2022,2022-12,2022Q4,Friday,1,T2 Growth reach,Short video
Post_973,2022-04-23,YouTube,#Fitness,Reel,Japan,4822353,247730,44555,34043,Low,326328,0.06766986987472713,0.0513711874680265,0.00923926556185331,0.007059416844847319,2022,2022-04,2022Q2,Saturday,1,T4 Mega reach,Short video
Post_974,2023-01-08,Twitter,#Fitness,Live Stream,Japan,4029198,466975,67045,10147,Medium,544167,0.13505590938941198,0.11589775434217926,0.016639787868454218,0.0025183671787785064,2023,2023-01,2023Q1,Sunday,1,T4 Mega reach,Live stream
Post_976,2023-12-12,Instagram,#Fitness,Shorts,Japan,2533284,189339,96463,9657,Low,295459,0.11663082386341207,0.07474053442093347,0.038078241523650726,0.003812047918827893,2023,2023-12,2023Q4,Tuesday,1,T2 Growth reach,Short video
Post_981,2022-04-19,TikTok,#Fitness,Tweet,Brazil,2746993,39549,53941,13070,Low,106560,0.038791507659466186,0.014397197226203343,0.019636380580511127,0.004757929852751718,2022,2022-04,2022Q2,Tuesday,1,T3 Established reach,Text post
Post_983,2022-09-02,TikTok,#Fitness,Shorts,Canada,3269647,395557,90552,37531,Medium,523640,0.16015184513802255,0.12097850318398286,0.027694732795313988,0.011478609158725697,2022,2022-09,2022Q3,Friday,1,T3 Established reach,Short video
Post_992,2023-03-12,YouTube,#Fitness,Live Stream,Australia,1740011,394641,25434,40742,Medium,460817,0.26483568207327424,0.22680373859705485,0.014617148972046728,0.023414794504172675,2023,2023-03,2023Q1,Sunday,1,T2 Growth reach,Live stream
Post_1003,2022-10-01,Instagram,#Fitness,Video,Japan,3458904,231857,64606,40429,Medium,336892,0.0973984822938133,0.06703192687625907,0.018678170888813336,0.011688384528740896,2022,2022-10,2022Q4,Saturday,1,T3 Established reach,Long-form video
Post_1008,2022-07-29,Twitter,#Fitness,Post,Germany,4003396,356630,52250,48835,High,457715,0.114331682401641,0.08908186949280061,0.013051419344976115,0.01219839356386428,2022,2022-07,2022Q3,Friday,1,T4 Mega reach,Image post
Post_1012,2023-04-03,YouTube,#Fitness,Shorts,Brazil,2188290,74779,95888,30392,Medium,201059,0.09187950408766662,0.03417234461611578,0.043818689478999584,0.013888469992551262,2023,2023-04,2023Q2,Monday,1,T2 Growth reach,Short video
Post_1016,2022-07-15,YouTube,#Fitness,Reel,Australia,3000680,425076,88638,29249,High,542963,0.18094665209219243,0.14165989042483704,0.029539304424330486,0.009747457243024914,2022,2022-07,2022Q3,Friday,1,T3 Established reach,Short video
Post_1046,2023-04-26,TikTok,#Fitness,Video,UK,794730,194026,93504,47841,High,335371,0.42199363305776805,0.244140777370931,0.11765505265939376,0.060197803027443285,2023,2023-04,2023Q2,Wednesday,1,T1 Emerging reach,Long-form video
Post_1054,2023-02-17,YouTube,#Fitness,Live Stream,Japan,3213925,436365,48616,46800,Low,531781,0.1654615462401892,0.13577323677434913,0.015126675326897796,0.014561634138942259,2023,2023-02,2023Q1,Friday,1,T3 Established reach,Live stream
Post_1055,2023-09-26,Twitter,#Fitness,Live Stream,Australia,1658817,280297,70901,36696,Medium,387894,0.23383772893574156,0.16897403390488522,0.04274190582806904,0.022121789202787286,2023,2023-09,2023Q3,Tuesday,1,T2 Growth reach,Live stream
Post_1056,2023-07-20,TikTok,#Fitness,Post,Brazil,2878436,149765,9840,42118,High,201723,0.07008076608269213,0.05202999128693499,0.0034185231146358647,0.014632251681121276,2023,2023-07,2023Q3,Thursday,1,T3 Established reach,Image post
Post_1064,2022-06-13,Twitter,#Fitness,Shorts,UK,3386425,804,77479,48511,Low,126794,0.037441845013546735,0.0002374185165772164,0.022879290106823567,0.01432513639014595,2022,2022-06,2022Q2,Monday,1,T3 Established reach,Short video
Post_1077,2023-04-07,TikTok,#Fitness,Video,Brazil,1026460,195036,70291,35850,Low,301177,0.2934132844923329,0.19000837830991954,0.06847904448298034,0.034925861699433,2023,2023-04,2023Q2,Friday,1,T1 Emerging reach,Long-form video
Post_1117,2022-06-21,Instagram,#Fitness,Shorts,USA,1513083,352786,90781,29795,Low,473362,0.3128460236484053,0.23315707069605568,0.05999736960893751,0.019691583343412093,2022,2022-06,2022Q2,Tuesday,1,T2 Growth reach,Short video
Post_1120,2022-02-20,Twitter,#Fitness,Video,Canada,3497840,366736,65404,28802,High,460942,0.13177904077945246,0.10484641950460856,0.0186983967248359,0.008234224550008004,2022,2022-02,2022Q1,Sunday,1,T3 Established reach,Long-form video
Post_1122,2022-03-23,Twitter,#Fitness,Video,Canada,4161787,343575,2003,19921,Medium,365499,0.08782261081597881,0.08255468143852629,0.0004812836408975279,0.004786645736554994,2022,2022-03,2022Q1,Wednesday,1,T4 Mega reach,Long-form video
Post_1129,2023-05-13,Twitter,#Fitness,Video,USA,3283134,413608,67001,12600,High,493209,0.15022505934878078,0.12597962800178122,0.020407634900068045,0.003837796446931499,2023,2023-05,2023Q2,Saturday,1,T3 Established reach,Long-form video
Post_1132,2023-05-29,Instagram,#Fitness,Live Stream,UK,2085067,227030,40851,2906,Low,270787,0.1298696876407329,0.10888379126426154,0.019592176174674483,0.0013937202017968728,2023,2023-05,2023Q2,Monday,1,T2 Growth reach,Live stream
Post_1134,2023-01-02,Twitter,#Fitness,Live Stream,USA,1706185,35065,44031,14777,Medium,93873,0.055019238828145835,0.02055169867276995,0.025806697397996115,0.008660842757379768,2023,2023-01,2023Q1,Monday,1,T2 Growth reach,Live stream
Post_1184,2023-01-15,Twitter,#Fitness,Video,India,1588694,85453,32995,47809,Low,166257,0.10465010883153081,0.05378820591001162,0.02076863134121486,0.030093271580304327,2023,2023-01,2023Q1,Sunday,1,T2 Growth reach,Long-form video
Post_1193,2023-09-16,YouTube,#Fitness,Video,Germany,2289467,55335,94333,43209,High,192877,0.0842453723945355,0.02416938090830748,0.04120303983416228,0.018872951652065744,2023,2023-09,2023Q3,Saturday,1,T2 Growth reach,Long-form video
Post_1202,2022-01-30,Instagram,#Fitness,Live Stream,UK,4184048,287717,88326,45451,Medium,421494,0.10073832804977381,0.06876522449073243,0.02111017846831585,0.010862925090725537,2022,2022-01,2022Q1,Sunday,1,T4 Mega reach,Live stream
Post_1203,2022-02-13,Twitter,#Fitness,Post,Germany,2435410,326186,1739,5729,Low,333654,0.1370011620220004,0.13393473788807633,0.0007140481479504478,0.0023523759859736143,2022,2022-02,2022Q1,Sunday,1,T2 Growth reach,Image post
Post_1207,2023-02-16,Twitter,#Fitness,Video,USA,2595660,434540,40012,13478,High,488030,0.18801769106893815,0.16741021551358806,0.015414961897937327,0.005192513657412758,2023,2023-02,2023Q1,Thursday,1,T2 Growth reach,Long-form video
Post_1224,2022-01-07,TikTok,#Fitness,Post,USA,3943560,361857,53708,10889,High,426454,0.10813934617452252,0.09175896905334266,0.013619166438446479,0.0027612106827333677,2022,2022-01,2022Q1,Friday,1,T4 Mega reach,Image post
Post_1236,2023-06-20,YouTube,#Fitness,Reel,Japan,1658169,328783,1574,11658,High,342015,0.20626064050166176,0.1982807542536376,0.0009492397940137585,0.007030646454010418,2023,2023-06,2023Q2,Tuesday,1,T2 Growth reach,Short video
Post_1257,2023-10-08,TikTok,#Fitness,Live Stream,Canada,2288198,160224,63631,2779,High,226634,0.09904475049799012,0.07002191243939554,0.02780834525683529,0.0012144928017592883,2023,2023-10,2023Q4,Sunday,1,T2 Growth reach,Live stream
Post_1269,2022-12-14,TikTok,#Fitness,Shorts,USA,2458064,428601,16411,12329,Medium,457341,0.18605740127189527,0.17436527283260322,0.006676392477982672,0.005015735961309388,2022,2022-12,2022Q4,Wednesday,1,T2 Growth reach,Short video
Post_1294,2023-04-08,YouTube,#Fitness,Video,UK,2289887,411599,6923,34729,High,453251,0.19793596801938262,0.17974642416852885,0.0030232932891448355,0.01516625056170894,2023,2023-04,2023Q2,Saturday,1,T2 Growth reach,Long-form video
Post_1309,2023-05-07,YouTube,#Fitness,Shorts,UK,894414,424359,9498,48618,High,482475,0.539431404249039,0.4744547826845286,0.01061924343760272,0.05435737812690768,2023,2023-05,2023Q2,Sunday,1,T1 Emerging reach,Short video
Post_1318,2023-06-30,Twitter,#Fitness,Video,Germany,2055018,318200,34749,4831,High,357780,0.1741006648116951,0.15484049288132756,0.016909340940079357,0.002350830990288163,2023,2023-06,2023Q2,Friday,1,T2 Growth reach,Long-form video
Post_1322,2022-11-15,Twitter,#Fitness,Shorts,Australia,4500031,189284,97120,44811,Medium,331215,0.0736028262916411,0.042062821345008515,0.021582073545715574,0.009957931400917016,2022,2022-11,2022Q4,Tuesday,1,T4 Mega reach,Short video
Post_1334,2023-08-10,Twitter,#Fitness,Video,Brazil,4328041,127158,91300,2263,Low,220721,0.05099789951158041,0.02938003591001102,0.021094994247975007,0.000522869353594386,2023,2023-08,2023Q3,Thursday,1,T4 Mega reach,Long-form video
Post_1352,2022-06-12,TikTok,#Fitness,Live Stream,Australia,675163,272637,95308,27495,High,395440,0.5856956023952734,0.4038091542338665,0.14116294879903074,0.040723499362376195,2022,2022-06,2022Q2,Sunday,1,T1 Emerging reach,Live stream
Post_1353,2023-09-27,YouTube,#Fitness,Shorts,Germany,3156979,486439,65910,47543,Medium,599892,0.19002090289482446,0.15408369837113264,0.020877554142742158,0.015059650380949635,2023,2023-09,2023Q3,Wednesday,1,T3 Established reach,Short video
Post_1374,2023-06-06,Twitter,#Fitness,Video,UK,4517381,232135,69688,1995,Low,303818,0.06725534109254898,0.051387075829999726,0.015426637691175485,0.00044162757137376725,2023,2023-06,2023Q2,Tuesday,1,T4 Mega reach,Long-form video
Post_1375,2023-10-26,Twitter,#Fitness,Video,Canada,4496073,124732,19857,2918,Medium,147507,0.0328079637496989,0.02774243211798385,0.0044165208171664475,0.0006490108145486072,2023,2023-10,2023Q4,Thursday,1,T4 Mega reach,Long-form video
Post_1380,2022-04-19,TikTok,#Fitness,Shorts,Brazil,1323089,321120,43717,31601,High,396438,0.2996306370924405,0.24270476135770155,0.03304161700384479,0.023884258730894142,2022,2022-04,2022Q2,Tuesday,1,T1 Emerging reach,Short video
Post_1381,2023-05-28,YouTube,#Fitness,Reel,Germany,4993673,462012,14851,39245,Low,516108,0.1033523821043148,0.09251947414258002,0.0029739632531004733,0.007858944708634305,2023,2023-05,2023Q2,Sunday,1,T4 Mega reach,Short video
Post_1391,2022-07-12,TikTok,#Fitness,Reel,Canada,3806689,20540,47457,9403,High,77400,0.02033263027265952,0.005395765191219981,0.012466739468341122,0.002470125613098417,2022,2022-07,2022Q3,Tuesday,1,T3 Established reach,Short video
Post_1402,2022-01-16,TikTok,#Fitness,Video,UK,534126,87051,54840,1455,Medium,143346,0.26837487783781355,0.16297839835544423,0.10267240314083194,0.00272407634153739,2022,2022-01,2022Q1,Sunday,1,T1 Emerging reach,Long-form video
Post_1411,2023-12-01,Instagram,#Fitness,Shorts,Canada,1270114,443977,12624,5006,Medium,461607,0.363437455220555,0.34955681143582384,0.009939265294296418,0.003941378490434717,2023,2023-12,2023Q4,Friday,1,T1 Emerging reach,Short video
Post_1417,2023-12-15,Instagram,#Fitness,Live Stream,USA,1760362,304604,96372,32740,High,433716,0.24637886980064327,0.17303486441993182,0.054745558015908094,0.018598447364803376,2023,2023-12,2023Q4,Friday,1,T2 Growth reach,Live stream
Post_1421,2022-05-28,YouTube,#Fitness,Video,India,3627837,118275,97590,15628,Medium,231493,0.06381019874928229,0.032602071151487784,0.026900326558221884,0.004307801039572616,2022,2022-05,2022Q2,Saturday,1,T3 Established reach,Long-form video
Post_1442,2022-10-01,TikTok,#Fitness,Tweet,Canada,2090020,106952,66241,31466,Low,204659,0.09792202945426359,0.05117271605056411,0.03169395508176955,0.015055358321929934,2022,2022-10,2022Q4,Saturday,1,T2 Growth reach,Text post
Post_1446,2022-12-02,TikTok,#Fitness,Live Stream,India,3654157,446765,960,10338,Low,458063,0.12535394620428186,0.12226212502637407,0.0002627144920155319,0.0028291066858922593,2022,2022-12,2022Q4,Friday,1,T3 Established reach,Live stream
Post_1457,2023-09-28,YouTube,#Fitness,Post,Canada,3789717,314746,69878,17368,Medium,401992,0.10607441136105941,0.08305263955065774,0.018438843850345554,0.00458292796005612,2023,2023-09,2023Q3,Thursday,1,T3 Established reach,Image post
Post_1458,2023-03-30,YouTube,#Fitness,Video,USA,1980686,27994,52403,25446,Medium,105843,0.053437546385444235,0.014133487084777699,0.026456995202672206,0.012847064097994331,2023,2023-03,2023Q1,Thursday,1,T2 Growth reach,Long-form video
Post_1465,2022-10-16,YouTube,#Fitness,Shorts,India,4995243,198754,50261,36892,Medium,285907,0.05723585419167796,0.03978865492629688,0.010061772770613962,0.007385426494767122,2022,2022-10,2022Q4,Sunday,1,T4 Mega reach,Short video
Post_1467,2022-05-17,Instagram,#Fitness,Shorts,Canada,2249841,97823,18276,5221,High,121320,0.053923810615950196,0.04347996147283297,0.008123240709010103,0.0023206084341071214,2022,2022-05,2022Q2,Tuesday,1,T2 Growth reach,Short video
Post_1481,2022-04-01,TikTok,#Fitness,Tweet,Brazil,3716784,8333,58793,1796,Low,68922,0.018543450466855217,0.0022419920016874804,0.01581824502042626,0.00048321344474147544,2022,2022-04,2022Q2,Friday,1,T3 Established reach,Text post
Post_1487,2023-02-26,YouTube,#Fitness,Post,Australia,3944670,372509,62062,992,Low,435563,0.11041810848562744,0.09443350140822933,0.015733128499975917,0.0002514785774221925,2023,2023-02,2023Q1,Sunday,1,T4 Mega reach,Image post
Post_1488,2023-03-01,Twitter,#Fitness,Tweet,India,4833726,226063,96093,28087,Medium,350243,0.07245818236283977,0.046767855687310365,0.01987969529096188,0.005810631384567516,2023,2023-03,2023Q1,Wednesday,1,T4 Mega reach,Text post
Post_1496,2022-03-03,Twitter,#Fitness,Post,Brazil,3130764,471908,48103,21747,Medium,541758,0.17304338493735075,0.15073253685043012,0.01536462026521322,0.0069462278217074175,2022,2022-03,2022Q1,Thursday,1,T3 Established reach,Image post
Post_1508,2022-05-28,TikTok,#Fitness,Post,Brazil,4473700,15777,85487,15204,High,116468,0.026033931644947137,0.0035266110825491206,0.019108791380736304,0.0033985291816617117,2022,2022-05,2022Q2,Saturday,1,T4 Mega reach,Image post
Post_1509,2022-02-06,YouTube,#Fitness,Live Stream,UK,3822229,385332,48139,6985,Low,440456,0.1152353770535465,0.10081342588316922,0.012594483480712432,0.0018274676896648527,2022,2022-02,2022Q1,Sunday,1,T3 Established reach,Live stream
Post_1510,2023-03-20,Twitter,#Fitness,Tweet,Australia,4253475,394052,7337,4553,High,405942,0.0954377303263802,0.09264236888661624,0.0017249425469762958,0.0010704188927876618,2023,2023-03,2023Q1,Monday,1,T4 Mega reach,Text post
Post_1524,2022-03-06,Twitter,#Fitness,Post,Brazil,1595568,145000,70495,40154,Low,255649,0.1602244467174072,0.0908767285380504,0.044181758470964574,0.025165959708392246,2022,2022-03,2022Q1,Sunday,1,T2 Growth reach,Image post
Post_1525,2022-11-22,YouTube,#Fitness,Reel,India,2632783,220230,80297,29046,Medium,329573,0.1251804649300759,0.08364912717835082,0.030498905530763454,0.01103243222096162,2022,2022-11,2022Q4,Tuesday,1,T2 Growth reach,Short video
Post_1532,2022-06-20,TikTok,#Fitness,Live Stream,Brazil,4321729,395257,25222,9123,High,429602,0.0994051223480232,0.09145807152646544,0.005836090138923565,0.0021109606826341955,2022,2022-06,2022Q2,Monday,1,T4 Mega reach,Live stream
Post_1540,2022-02-08,Instagram,#Fitness,Reel,USA,1913736,54523,2152,11464,High,68139,0.03560522454507832,0.028490345585807028,0.0011245020211774247,0.005990376938093864,2022,2022-02,2022Q1,Tuesday,1,T2 Growth reach,Short video
Post_1542,2023-01-12,YouTube,#Fitness,Reel,Canada,2911881,44708,57294,21899,Low,123901,0.04255015915828978,0.0153536494108104,0.01967594142755147,0.007520568319927909,2023,2023-01,2023Q1,Thursday,1,T3 Established reach,Short video
Post_1553,2023-02-07,YouTube,#Fitness,Live Stream,Japan,1797416,432818,87238,33875,Low,553931,0.3081818566208379,0.24080012640368173,0.04853523057544831,0.018846499641707874,2023,2023-02,2023Q1,Tuesday,1,T2 Growth reach,Live stream
Post_1572,2022-05-06,Instagram,#Fitness,Reel,India,4956932,128560,68871,43838,Medium,241269,0.04867305018507415,0.025935397136777345,0.013893876292835972,0.008843776755460837,2022,2022-05,2022Q2,Friday,1,T4 Mega reach,Short video
Post_1585,2023-12-21,Twitter,#Fitness,Reel,USA,3675226,477204,2549,30839,High,510592,0.13892805503661543,0.129843443641289,0.0006935627904243168,0.00839104860490212,2023,2023-12,2023Q4,Thursday,1,T3 Established reach,Short video
Post_1589,2022-01-19,Instagram,#Fitness,Post,Japan,4277170,471076,43675,21460,Medium,536211,0.12536583769174478,0.11013731041786975,0.01021119104454581,0.005017336229329206,2022,2022-01,2022Q1,Wednesday,1,T4 Mega reach,Image post
Post_1602,2023-12-16,YouTube,#Fitness,Reel,Japan,2703326,239560,14191,44747,Low,298498,0.11041879521744695,0.08861676320207033,0.005249459369680165,0.01655257264569645,2023,2023-12,2023Q4,Saturday,1,T3 Established reach,Short video
Post_1605,2023-09-09,Instagram,#Fitness,Tweet,Australia,2316764,98083,89325,34220,Low,221628,0.09566274337826382,0.042336206881667705,0.038555934052842675,0.014770602443753443,2023,2023-09,2023Q3,Saturday,1,T2 Growth reach,Text post
Post_1606,2023-12-28,Instagram,#Fitness,Video,Australia,2463746,310242,10086,38862,High,359190,0.14579019103430305,0.12592288328423465,0.00409376615933623,0.015773541590732163,2023,2023-12,2023Q4,Thursday,1,T2 Growth reach,Long-form video
Post_1607,2023-11-20,YouTube,#Fitness,Tweet,Brazil,979236,445534,44401,41269,High,531204,0.5424678014288691,0.4549812302652272,0.045342491493368296,0.04214407967027356,2023,2023-11,2023Q4,Monday,1,T1 Emerging reach,Text post
Post_1608,2022-04-18,Instagram,#Fitness,Reel,Australia,3418348,292153,51497,30601,Low,374251,0.10948300173066054,0.08546613744416894,0.015064879292570563,0.00895198499392104,2022,2022-04,2022Q2,Monday,1,T3 Established reach,Short video
Post_1609,2023-09-06,Instagram,#Fitness,Post,Brazil,1057426,357002,30426,49349,Low,436777,0.41305680019216473,0.33761416874561434,0.028773644680573394,0.04666898676597701,2023,2023-09,2023Q3,Wednesday,1,T1 Emerging reach,Image post
Post_1617,2022-05-14,Instagram,#Fitness,Shorts,India,1876999,457119,16393,27762,Medium,501274,0.2670614102618062,0.24353715691910333,0.008733622127662296,0.014790631215040605,2022,2022-05,2022Q2,Saturday,1,T2 Growth reach,Short video
Post_1619,2022-05-22,TikTok,#Fitness,Video,Japan,1247095,384412,9221,18983,Low,412616,0.33086172264342334,0.3082459636194516,0.007393983617928064,0.015221775406043645,2022,2022-05,2022Q2,Sunday,1,T1 Emerging reach,Long-form video
Post_1621,2022-05-25,Twitter,#Fitness,Tweet,USA,857952,53166,31496,36051,High,120713,0.14069901346462274,0.06196850173436276,0.03671067845287382,0.04201983327738615,2022,2022-05,2022Q2,Wednesday,1,T1 Emerging reach,Text post
Post_1628,2022-05-03,TikTok,#Fitness,Shorts,Brazil,1707223,69921,5348,27889,Low,103158,0.06042444367256064,0.04095598524621564,0.003132572604750522,0.016335885821594485,2022,2022-05,2022Q2,Tuesday,1,T2 Growth reach,Short video
Post_1645,2023-05-16,Twitter,#Fitness,Reel,Canada,3399334,231513,21754,40671,Low,293938,0.0864692907493056,0.06810539946942548,0.006399488841049452,0.011964402438830665,2023,2023-05,2023Q2,Tuesday,1,T3 Established reach,Short video
Post_1650,2023-03-07,YouTube,#Fitness,Shorts,Australia,4841810,373052,32565,46187,Medium,451804,0.09331303789285413,0.07704804608194044,0.00672579056179404,0.009539201249119647,2023,2023-03,2023Q1,Tuesday,1,T4 Mega reach,Short video
Post_1656,2022-03-29,Instagram,#Fitness,Tweet,USA,4141357,340428,36529,4526,High,381483,0.09211545877353727,0.08220204150475315,0.00882053877509232,0.0010928784936918019,2022,2022-03,2022Q1,Tuesday,1,T4 Mega reach,Text post
Post_1657,2022-07-20,Twitter,#Fitness,Post,Germany,2781286,186013,98891,19768,High,304672,0.10954357085175706,0.06688021296623217,0.03555585437815457,0.007107503507370332,2022,2022-07,2022Q3,Wednesday,1,T3 Established reach,Image post
Post_1658,2023-07-02,Instagram,#Fitness,Video,Japan,1577124,190567,91953,34496,Low,317016,0.20100892510671323,0.12083197009239603,0.05830422972448584,0.021872725289831363,2023,2023-07,2023Q3,Sunday,1,T2 Growth reach,Long-form video
Post_1677,2022-06-20,Instagram,#Fitness,Post,Brazil,3675490,253771,62578,7498,Low,323847,0.08810988466843876,0.06904412744967338,0.01702575710993636,0.0020400001088290267,2022,2022-06,2022Q2,Monday,1,T3 Established reach,Image post
Post_1688,2023-07-31,Twitter,#Fitness,Live Stream,India,3343066,210608,21075,3469,High,235152,0.07034022062382256,0.06299845710494498,0.006304093308358256,0.0010376702105193256,2023,2023-07,2023Q3,Monday,1,T3 Established reach,Live stream
Post_1699,2022-04-10,YouTube,#Fitness,Video,USA,1777184,64483,44743,32481,Low,141707,0.07973681959774565,0.0362838062913013,0.0251763463996975,0.018276666906746855,2022,2022-04,2022Q2,Sunday,1,T2 Growth reach,Long-form video
Post_1732,2023-06-26,Twitter,#Fitness,Reel,Australia,2368193,171217,24221,16695,Low,212133,0.08957589182976218,0.07229858377252192,0.010227629251501039,0.007049678805739228,2023,2023-06,2023Q2,Monday,1,T2 Growth reach,Short video
Post_1756,2022-01-01,YouTube,#Fitness,Live Stream,USA,3150317,265173,11352,30489,Low,307014,0.09745495453314698,0.08417343397505711,0.0036034468912176138,0.009678073666872254,2022,2022-01,2022Q1,Saturday,1,T3 Established reach,Live stream
Post_1762,2023-03-13,YouTube,#Fitness,Live Stream,UK,2328409,278174,1846,648,Low,280668,0.12054067820559017,0.11946956054541964,0.0007928160387629493,0.00027830162140757915,2023,2023-03,2023Q1,Monday,1,T2 Growth reach,Live stream
Post_1775,2023-11-19,YouTube,#Fitness,Post,Germany,4424982,473087,70529,6195,Medium,549811,0.12425157887647904,0.10691275128350805,0.01593882189803258,0.0014000056949384201,2023,2023-11,2023Q4,Sunday,1,T4 Mega reach,Image post
Post_1791,2023-09-20,Instagram,#Fitness,Reel,USA,168561,82166,65838,18714,High,166718,0.9890662727439918,0.4874555798790942,0.39058857030985816,0.11102212255503942,2023,2023-09,2023Q3,Wednesday,1,T1 Emerging reach,Short video
Post_1809,2022-10-08,YouTube,#Fitness,Tweet,USA,3376862,256792,32295,36817,Low,325904,0.0965109027256666,0.07604456445066456,0.009563612608392051,0.010902725666610007,2022,2022-10,2022Q4,Saturday,1,T3 Established reach,Text post
Post_1810,2023-08-05,TikTok,#Fitness,Post,Canada,2282731,406474,94993,28457,High,529924,0.23214474241599206,0.178064782928869,0.041613751247956944,0.012466208239166157,2023,2023-08,2023Q3,Saturday,1,T2 Growth reach,Image post
Post_1815,2022-02-25,Twitter,#Fitness,Post,Australia,4273890,457777,53428,36657,High,547862,0.1281881377386877,0.10711015023783953,0.012501023657604665,0.00857696384324351,2022,2022-02,2022Q1,Friday,1,T4 Mega reach,Image post
Post_1821,2022-02-11,YouTube,#Fitness,Tweet,Australia,4430105,374616,59305,38022,Medium,471943,0.10653088357950884,0.0845614268736294,0.013386815888111005,0.008582640817768428,2022,2022-02,2022Q1,Friday,1,T4 Mega reach,Text post
Post_1822,2022-03-23,Instagram,#Fitness,Post,UK,3927149,204604,48798,45548,High,298950,0.07612392603387343,0.05209988212823094,0.012425808137149877,0.011598235768492613,2022,2022-03,2022Q1,Wednesday,1,T4 Mega reach,Image post
Post_1824,2022-08-01,YouTube,#Fitness,Reel,USA,1910857,341639,81369,41098,Medium,464106,0.2428784571529947,0.17878836563908235,0.04258246430789955,0.0215076272060128,2022,2022-08,2022Q3,Monday,1,T2 Growth reach,Short video
Post_1827,2023-11-27,Instagram,#Fitness,Post,Japan,1598314,404896,69137,28060,Medium,502093,0.314139149128394,0.25332694326646704,0.04325620622731203,0.017555999634614974,2023,2023-11,2023Q4,Monday,1,T2 Growth reach,Image post
Post_1828,2022-01-20,Instagram,#Fitness,Video,India,784996,495718,72882,33474,Low,602074,0.7669771565714985,0.6314911158782974,0.09284378519126212,0.04264225550193886,2022,2022-01,2022Q1,Thursday,1,T1 Emerging reach,Long-form video
Post_1852,2023-09-23,Twitter,#Fitness,Reel,India,4966138,284880,79331,658,Low,364869,0.07347137755736953,0.05736449530802406,0.015974384924462428,0.00013249732488303787,2023,2023-09,2023Q3,Saturday,1,T4 Mega reach,Short video
Post_1861,2022-07-10,Instagram,#Fitness,Live Stream,Canada,4515285,443710,6736,11422,High,461868,0.1022898886781233,0.09826843709754755,0.0014918216679567292,0.002529629912619026,2022,2022-07,2022Q3,Sunday,1,T4 Mega reach,Live stream
Post_1868,2023-07-24,TikTok,#Fitness,Post,Canada,3000891,433393,20337,17183,Medium,470913,0.15692439345514383,0.14442144016560415,0.006776987234791267,0.005725966054748406,2023,2023-07,2023Q3,Monday,1,T3 Established reach,Image post
Post_1880,2022-10-30,TikTok,#Fitness,Shorts,Japan,2533247,4775,13471,25118,Low,43364,0.017117951782830494,0.001884932657573462,0.005317681220978452,0.00991533790427858,2022,2022-10,2022Q4,Sunday,1,T2 Growth reach,Short video
Post_1891,2023-11-25,YouTube,#Fitness,Shorts,Australia,4256166,391217,1492,5070,High,397779,0.09345946563174462,0.09191770245803382,0.00035055023699733515,0.0011912129367134647,2023,2023-11,2023Q4,Saturday,1,T4 Mega reach,Short video
Post_1914,2023-03-11,Twitter,#Fitness,Shorts,Australia,3910450,184844,57393,22803,High,265040,0.06777736577631731,0.04726924011303047,0.014676827475098774,0.00583129818818806,2023,2023-03,2023Q1,Saturday,1,T4 Mega reach,Short video
Post_1933,2023-12-18,YouTube,#Fitness,Post,Brazil,2584947,450936,97710,156,Medium,548802,0.21230686741352917,0.17444690355353515,0.037799614460180424,6.03493998136132e-05,2023,2023-12,2023Q4,Monday,1,T2 Growth reach,Image post
Post_1936,2023-03-16,Twitter,#Fitness,Live Stream,Japan,3462370,78467,70308,23887,Medium,172662,0.04986815389458665,0.022662800336185906,0.020306321970211157,0.006899031588189592,2023,2023-03,2023Q1,Thursday,1,T3 Established reach,Live stream
Post_1946,2023-06-03,TikTok,#Fitness,Post,Germany,4318086,297540,37515,35324,Low,370379,0.08577388222467083,0.06890552897742194,0.008687876989944155,0.00818047625730474,2023,2023-06,2023Q2,Saturday,1,T4 Mega reach,Image post
Post_1950,2022-05-02,Twitter,#Fitness,Tweet,India,738822,341078,21459,47079,High,409616,0.5544177081895233,0.46165111488288113,0.029044884965526204,0.063721708341116,2022,2022-05,2022Q2,Monday,1,T1 Emerging reach,Text post
Post_1951,2022-12-01,TikTok,#Fitness,Post,India,2530016,217176,9746,19237,Low,246159,0.09729543212374941,0.0858397733453069,0.003852149551623389,0.007603509226819119,2022,2022-12,2022Q4,Thursday,1,T2 Growth reach,Image post
Post_1953,2022-01-20,Twitter,#Fitness,Tweet,USA,1313145,14056,80213,27953,Low,122222,0.09307578371010056,0.010704073046007867,0.06108464792540047,0.021287062738692224,2022,2022-01,2022Q1,Thursday,1,T1 Emerging reach,Text post
Post_2008,2022-12-29,Instagram,#Fitness,Reel,USA,4857009,234614,71215,2428,High,308257,0.06346642553060948,0.04830421356023841,0.014662315840880675,0.0004998961294903921,2022,2022-12,2022Q4,Thursday,1,T4 Mega reach,Short video
Post_2013,2023-03-11,Twitter,#Fitness,Reel,India,1891257,200446,78397,36461,High,315304,0.16671663343480025,0.10598559582330694,0.041452325093839705,0.019278712517653604,2023,2023-03,2023Q1,Saturday,1,T2 Growth reach,Short video
Post_2016,2022-02-22,YouTube,#Fitness,Reel,USA,4392368,301535,48079,37360,Medium,386974,0.08810145233732693,0.06864975794377884,0.01094603184432634,0.008505662549221742,2022,2022-02,2022Q1,Tuesday,1,T4 Mega reach,Short video
Post_2021,2023-06-06,TikTok,#Fitness,Tweet,Germany,4576354,417016,83248,45520,High,545784,0.11926175291509354,0.09112406951035694,0.01819090044170534,0.009946782963031269,2023,2023-06,2023Q2,Tuesday,1,T4 Mega reach,Text post
Post_2057,2022-09-01,TikTok,#Fitness,Shorts,Brazil,4254543,360399,3532,4647,Medium,368578,0.08663163117636842,0.08470921553736793,0.0008301714191159896,0.0010922442198844859,2022,2022-09,2022Q3,Thursday,1,T4 Mega reach,Short video
Post_2078,2023-03-23,Instagram,#Fitness,Post,India,356764,263855,20640,43357,Low,327852,0.9189604332275678,0.7395785449204516,0.05785337085580384,0.12152851745131235,2023,2023-03,2023Q1,Thursday,1,T1 Emerging reach,Image post
Post_2082,2022-09-27,Instagram,#Fitness,Shorts,USA,1396437,367349,24578,35760,Medium,427687,0.3062701718731314,0.2630616347174989,0.017600507577499022,0.025608029578133493,2022,2022-09,2022Q3,Tuesday,1,T1 Emerging reach,Short video
Post_2084,2023-12-23,YouTube,#Fitness,Video,Japan,2393584,145807,92401,29656,Low,267864,0.11190917051584569,0.06091576481126211,0.03860361700278745,0.012389788701796136,2023,2023-12,2023Q4,Saturday,1,T2 Growth reach,Long-form video
Post_2095,2022-03-07,Instagram,#Fitness,Reel,Brazil,448051,256526,88555,9475,Medium,354556,0.7913295584654425,0.5725375013112347,0.1976449109587971,0.02114714619541079,2022,2022-03,2022Q1,Monday,1,T1 Emerging reach,Short video
Post_2097,2022-10-02,TikTok,#Fitness,Post,Brazil,3759988,283295,67140,3530,Medium,353965,0.09413992810615353,0.07534465535528305,0.0178564399673616,0.0009388327835088835,2022,2022-10,2022Q4,Sunday,1,T3 Established reach,Image post
Post_2099,2022-01-19,TikTok,#Fitness,Shorts,Japan,3382006,410513,17552,18639,Low,446704,0.13208255692036028,0.12138151144616538,0.0051898192965949795,0.005511226177599922,2022,2022-01,2022Q1,Wednesday,1,T3 Established reach,Short video
Post_2119,2023-06-28,Twitter,#Fitness,Post,India,1191790,18070,38513,39735,High,96318,0.08081792933318789,0.015162067142701316,0.032315256882504466,0.033340605307982114,2023,2023-06,2023Q2,Wednesday,1,T1 Emerging reach,Image post
Post_2131,2022-12-06,TikTok,#Fitness,Post,UK,2757579,463841,73343,31447,Low,568631,0.20620660369113633,0.1682058791425377,0.026596880814656623,0.011403843733941984,2022,2022-12,2022Q4,Tuesday,1,T3 Established reach,Image post
Post_2150,2023-06-08,TikTok,#Fitness,Post,Germany,347711,204813,98930,24858,Medium,328601,0.9450405652970426,0.5890322710526845,0.28451788985680637,0.07149040438755173,2023,2023-06,2023Q2,Thursday,1,T1 Emerging reach,Image post
Post_2152,2023-11-18,TikTok,#Fitness,Video,UK,4706191,318830,35920,32602,Low,387352,0.08230690169608501,0.06774693164812053,0.007632499403445376,0.006927470644519103,2023,2023-11,2023Q4,Saturday,1,T4 Mega reach,Long-form video
Post_2156,2023-02-28,TikTok,#Fitness,Reel,Germany,3351813,93307,40221,28094,High,161622,0.04821927714941138,0.027837770185866573,0.011999774450424293,0.00838173251312051,2023,2023-02,2023Q1,Tuesday,1,T3 Established reach,Short video
Post_2195,2023-04-26,Instagram,#Fitness,Post,Germany,1615734,285555,68383,31687,Low,385625,0.23866861748282825,0.1767339178354853,0.04232317943423856,0.019611520213104385,2023,2023-04,2023Q2,Wednesday,1,T2 Growth reach,Image post
Post_2203,2022-05-14,Instagram,#Fitness,Post,Germany,4913452,306350,2985,44655,Low,353990,0.0720450713673401,0.06234924041183266,0.0006075158564691382,0.009088315099038314,2022,2022-05,2022Q2,Saturday,1,T4 Mega reach,Image post
Post_2211,2022-01-09,Twitter,#Fitness,Post,USA,2756985,167281,38374,11465,Low,217120,0.07875269542634436,0.06067533918392737,0.01391882799507433,0.004158528247342658,2022,2022-01,2022Q1,Sunday,1,T3 Established reach,Image post
Post_2221,2022-02-18,Instagram,#Fitness,Tweet,Brazil,2776258,317373,95587,17971,High,430931,0.15522008401236484,0.11431682502130566,0.03443015742773186,0.006473101563327328,2022,2022-02,2022Q1,Friday,1,T3 Established reach,Text post
Post_2232,2022-02-02,YouTube,#Fitness,Video,Brazil,3371495,283970,78225,32830,Medium,395025,0.11716612363358095,0.08422673027840764,0.023201873352919105,0.009737520002254193,2022,2022-02,2022Q1,Wednesday,1,T3 Established reach,Long-form video
Post_2242,2022-06-30,Twitter,#Fitness,Live Stream,UK,1815867,356490,24330,35584,High,416404,0.22931415131174254,0.19631944410025623,0.013398558374594615,0.01959614883689169,2022,2022-06,2022Q2,Thursday,1,T2 Growth reach,Live stream
Post_2246,2023-08-28,Twitter,#Fitness,Tweet,India,4946908,203142,39890,30878,High,273910,0.055369940172730114,0.04106443863520405,0.008063622772042658,0.006241878765483409,2023,2023-08,2023Q3,Monday,1,T4 Mega reach,Text post
Post_2259,2022-11-19,Instagram,#Fitness,Post,UK,3336371,199406,96109,1573,Low,297088,0.08904525306088562,0.059767334028499826,0.028806448683314896,0.0004714703490708917,2022,2022-11,2022Q4,Saturday,1,T3 Established reach,Image post
Post_2274,2022-10-20,Twitter,#Fitness,Post,Canada,4043662,11341,12132,24625,Medium,48098,0.01189466379732035,0.002804635995787976,0.003000250762798671,0.006089777038733702,2022,2022-10,2022Q4,Thursday,1,T4 Mega reach,Image post
Post_2288,2022-05-20,Instagram,#Fitness,Video,Australia,2986160,146980,99759,23072,Medium,269811,0.09035383234655879,0.04922040346130147,0.03340711817183272,0.007726310713424599,2022,2022-05,2022Q2,Friday,1,T3 Established reach,Long-form video
Post_2294,2023-04-02,Twitter,#Fitness,Live Stream,Japan,4056000,198488,14421,35350,High,248259,0.06120784023668639,0.048936883629191325,0.003555473372781065,0.008715483234714005,2023,2023-04,2023Q2,Sunday,1,T4 Mega reach,Live stream
Post_2319,2022-10-06,YouTube,#Fitness,Shorts,Australia,3068330,12455,15628,1032,Low,29115,0.00948887505581212,0.004059211362532713,0.0050933243816669,0.0003363393116125058,2022,2022-10,2022Q4,Thursday,1,T3 Established reach,Short video
Post_2333,2022-09-01,Instagram,#Fitness,Reel,Germany,2244659,464647,72133,21371,Medium,558151,0.24865736844661038,0.20700115251358892,0.03213539339382953,0.009520822539191922,2022,2022-09,2022Q3,Thursday,1,T2 Growth reach,Short video
Post_2338,2023-08-25,YouTube,#Fitness,Reel,India,3937165,220022,33447,40328,Low,293797,0.07462145985753708,0.05588335769519438,0.008495198956609641,0.010242903205733058,2023,2023-08,2023Q3,Friday,1,T4 Mega reach,Short video
Post_2343,2022-10-07,YouTube,#Fitness,Reel,Japan,2324440,32741,36375,13921,High,83037,0.03572344306585672,0.014085543184595,0.015648930495086987,0.005988969386174735,2022,2022-10,2022Q4,Friday,1,T2 Growth reach,Short video
Post_2344,2023-05-25,YouTube,#Fitness,Shorts,Canada,3220901,364571,27324,39461,Low,431356,0.13392401691327985,0.11318913558659519,0.008483340531112257,0.012251540795572419,2023,2023-05,2023Q2,Thursday,1,T3 Established reach,Short video
Post_2346,2022-01-10,YouTube,#Fitness,Live Stream,Canada,2580641,123664,69711,7855,Low,201230,0.07797675073751056,0.0479198772708021,0.027013056058552896,0.003043817408155571,2022,2022-01,2022Q1,Monday,1,T2 Growth reach,Live stream
Post_2349,2023-05-11,Twitter,#Fitness,Live Stream,India,2095372,123030,65568,5739,Medium,194337,0.0927458226987857,0.05871511120698377,0.03129181835015453,0.002738893141647402,2023,2023-05,2023Q2,Thursday,1,T2 Growth reach,Live stream
Post_2365,2023-06-16,Instagram,#Fitness,Video,USA,2468546,184286,40314,40022,Medium,264622,0.10719751627071158,0.07465366252036625,0.01633107100293047,0.016212782747414875,2023,2023-06,2023Q2,Friday,1,T2 Growth reach,Long-form video
Post_2366,2023-04-08,TikTok,#Fitness,Tweet,Canada,2069657,384667,92434,33853,Medium,510954,0.2468785890608927,0.18586026573485365,0.04466150671343126,0.01635681661260779,2023,2023-04,2023Q2,Saturday,1,T2 Growth reach,Text post
Post_2374,2023-06-04,Twitter,#Fitness,Post,USA,2944740,49038,74344,44081,High,167463,0.05686851810346584,0.016652743535931866,0.02524637149629509,0.014969403071238887,2023,2023-06,2023Q2,Sunday,1,T3 Established reach,Image post
Post_2375,2022-10-07,YouTube,#Fitness,Live Stream,Australia,1417380,466880,27498,31415,High,525793,0.3709612101200807,0.3293964921192623,0.019400584176438217,0.022164133824380195,2022,2022-10,2022Q4,Friday,1,T1 Emerging reach,Live stream
Post_2393,2023-04-21,TikTok,#Fitness,Post,India,3600594,292122,20092,46352,Low,358566,0.09958523510287469,0.08113161328380818,0.005580190379698461,0.01287343143936806,2023,2023-04,2023Q2,Friday,1,T3 Established reach,Image post
Post_2431,2022-09-30,Instagram,#Fitness,Tweet,Japan,2168159,445889,80260,44121,High,570270,0.2630203781180255,0.20565327542860096,0.037017580352732435,0.020349522336692096,2022,2022-09,2022Q3,Friday,1,T2 Growth reach,Text post
Post_2478,2023-04-12,YouTube,#Fitness,Tweet,USA,3047358,462784,10533,18903,Low,492220,0.1615235229992669,0.15186400810144393,0.0034564366904052627,0.006203078207417704,2023,2023-04,2023Q2,Wednesday,1,T3 Established reach,Text post
Post_2479,2023-10-27,YouTube,#Fitness,Reel,Canada,3309387,35776,49912,10371,Medium,96059,0.02902622147243583,0.010810461272737217,0.015081947200493627,0.003133812999204989,2023,2023-10,2023Q4,Friday,1,T3 Established reach,Short video
Post_2483,2023-11-15,Twitter,#Fitness,Reel,Australia,1543219,36775,22461,12596,Low,71832,0.04654686081495886,0.0238300591166905,0.014554641952956774,0.008162159745311585,2023,2023-11,2023Q4,Wednesday,1,T2 Growth reach,Short video
Post_2489,2023-06-27,TikTok,#Fitness,Tweet,Canada,3257070,20757,52198,42698,Medium,115653,0.03550829426447697,0.006372905709732981,0.016026060232049052,0.013109328322694937,2023,2023-06,2023Q2,Tuesday,1,T3 Established reach,Text post
Post_2500,2023-12-08,Twitter,#Fitness,Tweet,Brazil,2701054,19099,6791,12487,Medium,38377,0.014208157260091801,0.007070943416903179,0.0025142037145499496,0.004623010128638672,2023,2023-12,2023Q4,Friday,1,T3 Established reach,Text post
Post_2514,2022-03-07,YouTube,#Fitness,Video,India,2694912,28836,90228,9577,Low,128641,0.047734768333808304,0.010700163864348817,0.033480870618409805,0.0035537338510496816,2022,2022-03,2022Q1,Monday,1,T3 Established reach,Long-form video
Post_2522,2022-03-22,YouTube,#Fitness,Post,Australia,1917861,499874,92567,19082,Low,611523,0.3188567888913743,0.2606414124902691,0.0482657502290312,0.009949626172073994,2022,2022-03,2022Q1,Tuesday,1,T2 Growth reach,Image post
Post_2533,2022-06-23,YouTube,#Fitness,Post,Australia,4112679,426935,38868,26186,Medium,491989,0.11962737670506256,0.10380946336925395,0.009450774057493911,0.006367139278314695,2022,2022-06,2022Q2,Thursday,1,T4 Mega reach,Image post
Post_2547,2022-03-10,Instagram,#Fitness,Post,UK,3892548,47532,2967,4004,Low,54503,0.014001882571518708,0.012211024758076202,0.0007622256681227823,0.0010286321453197237,2022,2022-03,2022Q1,Thursday,1,T4 Mega reach,Image post
Post_2560,2022-10-10,TikTok,#Fitness,Post,UK,2000181,232088,3584,21517,Medium,257189,0.12858286325087578,0.11603349896834336,0.0017918378386755998,0.010757526443856831,2022,2022-10,2022Q4,Monday,1,T2 Growth reach,Image post
Post_2570,2023-10-05,YouTube,#Fitness,Video,Japan,3047626,396572,2041,13218,Medium,411831,0.1351317386057213,0.1301248906525932,0.0006697015972432313,0.0043371463558848754,2023,2023-10,2023Q4,Thursday,1,T3 Established reach,Long-form video
Post_2579,2022-09-11,Instagram,#Fitness,Reel,USA,1701876,310183,78161,41590,Medium,429934,0.25262357539562225,0.1822594595610961,0.045926377714945156,0.02443773811958098,2022,2022-09,2022Q3,Sunday,1,T2 Growth reach,Short video
Post_2592,2023-05-03,Twitter,#Fitness,Video,Canada,559570,479352,39884,22495,Medium,541731,0.9681201636971246,0.8566434941115499,0.07127615847883197,0.04020051110674268,2023,2023-05,2023Q2,Wednesday,1,T1 Emerging reach,Long-form video
Post_2610,2023-03-01,Instagram,#Fitness,Reel,Canada,4144067,133720,86090,44322,Low,264132,0.06373738648530537,0.03226781806375235,0.020774278022049356,0.010695290399503676,2023,2023-03,2023Q1,Wednesday,1,T4 Mega reach,Short video
Post_2616,2023-07-11,YouTube,#Fitness,Reel,Japan,929026,60319,15982,2578,High,78879,0.08490505109652474,0.0649271387453096,0.017202963103293126,0.002774949247922017,2023,2023-07,2023Q3,Tuesday,1,T1 Emerging reach,Short video
Post_2619,2022-06-26,Instagram,#Fitness,Shorts,Japan,2287664,205770,47154,11030,Low,263954,0.11538145461920982,0.08994764965484442,0.020612292714314688,0.004821512250050707,2022,2022-06,2022Q2,Sunday,1,T2 Growth reach,Short video
Post_2651,2023-09-17,TikTok,#Fitness,Video,Japan,2105915,206288,56382,33816,High,296486,0.14078725874501108,0.09795647022790568,0.026773160360223466,0.016057628156881925,2023,2023-09,2023Q3,Sunday,1,T2 Growth reach,Long-form video
Post_2664,2022-02-03,YouTube,#Fitness,Reel,Australia,1966190,364036,10977,10251,Low,385264,0.19594444077123777,0.18514792568368266,0.005582878562092168,0.005213636525462952,2022,2022-02,2022Q1,Thursday,1,T2 Growth reach,Short video
Post_2672,2023-08-28,Instagram,#Fitness,Shorts,Canada,3583230,21976,19513,33330,Low,74819,0.020880323060478954,0.006133014068312668,0.005445645409309478,0.009301663582856808,2023,2023-08,2023Q3,Monday,1,T3 Established reach,Short video
Post_2713,2022-07-03,TikTok,#Fitness,Post,Brazil,2274614,97171,35263,30958,High,163392,0.07183284724353231,0.04271977575096258,0.015502850153916226,0.013610221338653503,2022,2022-07,2022Q3,Sunday,1,T2 Growth reach,Image post
Post_2718,2022-11-14,TikTok,#Fitness,Video,Brazil,2693423,222683,32845,15899,High,271427,0.10077399650927463,0.08267657920794469,0.01219451976165645,0.005902897539673493,2022,2022-11,2022Q4,Monday,1,T3 Established reach,Long-form video
Post_2724,2022-09-13,TikTok,#Fitness,Post,Germany,2206465,108422,93547,6106,Low,208075,0.09430242491949793,0.049138327596404206,0.042396774931848,0.0027673223912457255,2022,2022-09,2022Q3,Tuesday,1,T2 Growth reach,Image post
Post_2736,2022-09-29,TikTok,#Fitness,Post,Japan,2723438,27284,56796,28506,High,112586,0.04133965965077964,0.010018219617997546,0.02085452284942782,0.010466917183354275,2022,2022-09,2022Q3,Thursday,1,T3 Established reach,Image post
Post_2745,2023-03-09,Instagram,#Fitness,Reel,Japan,731621,11172,59313,35492,Low,105977,0.14485232107880994,0.015270201374755508,0.08107066363595358,0.04851145606810083,2023,2023-03,2023Q1,Thursday,1,T1 Emerging reach,Short video
Post_2746,2023-05-01,YouTube,#Fitness,Tweet,Brazil,4992676,208217,31640,7211,Low,247068,0.04948608722056068,0.041704488735099174,0.006337282851921495,0.0014443156335400094,2023,2023-05,2023Q2,Monday,1,T4 Mega reach,Text post
Post_2774,2023-10-06,Instagram,#Fitness,Reel,Canada,3634352,280654,38955,13864,Low,333473,0.09175583432755,0.07722256952546148,0.010718554504351807,0.003814710297736708,2023,2023-10,2023Q4,Friday,1,T3 Established reach,Short video
Post_2780,2022-04-09,YouTube,#Fitness,Shorts,India,3424500,479439,45234,17018,High,541691,0.1581810483282231,0.14000262812089356,0.013208935611038107,0.004969484596291429,2022,2022-04,2022Q2,Saturday,1,T3 Established reach,Short video
Post_2788,2022-07-12,TikTok,#Fitness,Live Stream,USA,3269477,35752,21135,8550,Low,65437,0.020014516083153362,0.01093508227768539,0.006464336650785432,0.002615097154682538,2022,2022-07,2022Q3,Tuesday,1,T3 Established reach,Live stream
Post_2792,2022-10-22,YouTube,#Fitness,Live Stream,Canada,1546021,17786,66926,20602,Low,105314,0.06811938518299557,0.011504371544759095,0.04328919206142737,0.013325821576809112,2022,2022-10,2022Q4,Saturday,1,T2 Growth reach,Live stream
Post_2793,2023-10-12,TikTok,#Fitness,Post,Brazil,3504067,17759,35751,7695,High,61205,0.01746684638164738,0.005068110855186273,0.010202715872727319,0.0021960196537337898,2023,2023-10,2023Q4,Thursday,1,T3 Established reach,Image post
Post_2812,2022-03-25,Instagram,#Fitness,Shorts,USA,4421041,282996,32876,25568,Medium,341440,0.07723067938071598,0.06401116841033594,0.00743625765967789,0.005783253310702162,2022,2022-03,2022Q1,Friday,1,T4 Mega reach,Short video
Post_2820,2022-05-19,Twitter,#Fitness,Reel,USA,4546322,274686,66066,11339,Medium,352091,0.07744524035033154,0.060419389563695663,0.014531746761448045,0.002494104025187833,2022,2022-05,2022Q2,Thursday,1,T4 Mega reach,Short video
Post_2821,2022-03-05,TikTok,#Fitness,Reel,Canada,4713541,333744,29836,35318,Medium,398898,0.0846280959473992,0.07080536692053808,0.006329848409083532,0.00749288061777759,2022,2022-03,2022Q1,Saturday,1,T4 Mega reach,Short video
Post_2827,2023-06-06,YouTube,#Fitness,Video,Germany,1270412,89497,4376,37047,High,130920,0.10305318274701436,0.07044722499472612,0.0034445518461727375,0.029161405906115496,2023,2023-06,2023Q2,Tuesday,1,T1 Emerging reach,Long-form video
Post_2843,2023-05-16,YouTube,#Fitness,Tweet,Canada,4516859,6718,93371,39835,Low,139924,0.03097816425086548,0.0014873167393536083,0.02067166586337984,0.008819181648132031,2023,2023-05,2023Q2,Tuesday,1,T4 Mega reach,Text post
Post_2845,2023-11-17,Twitter,#Fitness,Shorts,Australia,3611304,361772,97629,18007,High,477408,0.13219823088834393,0.10017766435614393,0.027034279030510863,0.004986287501689141,2023,2023-11,2023Q4,Friday,1,T3 Established reach,Short video
Post_2870,2023-10-26,Twitter,#Fitness,Reel,Canada,1630820,161765,88321,21591,High,271677,0.16658920052488932,0.0991924308016826,0.054157417740768446,0.013239351982438283,2023,2023-10,2023Q4,Thursday,1,T2 Growth reach,Short video
Post_2892,2022-11-29,YouTube,#Fitness,Post,Australia,2519050,180932,12968,12148,Low,206048,0.08179591512673429,0.07182548976796808,0.0051479724499315215,0.00482245290883468,2022,2022-11,2022Q4,Tuesday,1,T2 Growth reach,Image post
Post_2893,2022-06-27,YouTube,#Fitness,Shorts,USA,3726359,101243,10095,43058,High,154396,0.041433474337818764,0.027169416580635413,0.0027090787548918393,0.011554979002291512,2022,2022-06,2022Q2,Monday,1,T3 Established reach,Short video
Post_2894,2023-01-19,Instagram,#Fitness,Tweet,Brazil,3616113,50849,51541,5257,Medium,107647,0.029768704683730846,0.014061784020576791,0.014253149721814556,0.001453770941339499,2023,2023-01,2023Q1,Thursday,1,T3 Established reach,Text post
Post_2895,2022-12-21,Twitter,#Fitness,Tweet,Canada,1826580,272598,66186,46956,Low,385740,0.21118155240942088,0.14923956246099268,0.036234930854383604,0.025707059094044606,2022,2022-12,2022Q4,Wednesday,1,T2 Growth reach,Text post
Post_2922,2022-06-03,YouTube,#Fitness,Shorts,Canada,172032,61620,79754,2201,Medium,143575,0.8345831008184523,0.35818917410714285,0.46359979538690477,0.012794131324404762,2022,2022-06,2022Q2,Friday,1,T1 Emerging reach,Short video
Post_2924,2022-04-19,YouTube,#Fitness,Shorts,Australia,3437531,484792,65586,49621,Medium,599999,0.1745435895705377,0.14102912817368046,0.019079391574941432,0.014435069821915787,2022,2022-04,2022Q2,Tuesday,1,T3 Established reach,Short video
Post_2942,2023-10-18,Instagram,#Fitness,Live Stream,Brazil,4116538,248427,78029,35739,Medium,362195,0.08798534108029611,0.06034852587295441,0.01895500539531033,0.008681809812031371,2023,2023-10,2023Q4,Wednesday,1,T4 Mega reach,Live stream
Post_2971,2023-12-28,Instagram,#Fitness,Video,Australia,2698643,357079,83343,41222,Medium,481644,0.17847636756695864,0.13231798351986535,0.030883299495338953,0.015275084551754345,2023,2023-12,2023Q4,Thursday,1,T3 Established reach,Long-form video
Post_2986,2022-04-30,TikTok,#Fitness,Post,Australia,4222799,5510,2998,32953,Low,41461,0.009818369285395777,0.001304821754480855,0.0007099556479008355,0.007803591883014086,2022,2022-04,2022Q2,Saturday,1,T4 Mega reach,Image post
Post_2987,2023-08-25,Twitter,#Fitness,Post,USA,4150659,289961,32494,9385,Medium,331840,0.07994875030687898,0.06985902720507756,0.007828636368345365,0.002261086733456061,2023,2023-08,2023Q3,Friday,1,T4 Mega reach,Image post
Post_2992,2022-04-06,Instagram,#Fitness,Shorts,UK,4023553,138648,78164,47562,Low,264374,0.06570660309432981,0.03445909622664347,0.019426611256270265,0.011820895611416079,2022,2022-04,2022Q2,Wednesday,1,T4 Mega reach,Short video
Post_2993,2022-05-22,YouTube,#Fitness,Live Stream,Canada,1326359,153912,62816,20351,Low,237079,0.17874421630946072,0.1160409813632659,0.04735972689143739,0.015343508054757423,2022,2022-05,2022Q2,Sunday,1,T1 Emerging reach,Live stream
Post_3011,2023-10-11,Instagram,#Fitness,Tweet,Germany,4574811,234031,61405,24447,Low,319883,0.06992267002942854,0.05115643028750259,0.013422412423158028,0.005343827318767923,2023,2023-10,2023Q4,Wednesday,1,T4 Mega reach,Text post
Post_3039,2022-05-28,Instagram,#Fitness,Video,USA,2327036,61250,78025,36566,Low,175841,0.0755643660003541,0.026321036717953654,0.03352977779458504,0.015713551487815402,2022,2022-05,2022Q2,Saturday,1,T2 Growth reach,Long-form video
Post_3054,2022-03-08,YouTube,#Fitness,Live Stream,Canada,4671503,354700,68406,4501,Low,427607,0.09153520826166653,0.07592845386163725,0.014643252931658184,0.0009635014683711002,2022,2022-03,2022Q1,Tuesday,1,T4 Mega reach,Live stream
Post_3057,2023-07-24,YouTube,#Fitness,Shorts,USA,2413529,336934,57434,10139,Low,404507,0.1675998092419855,0.1396022173340366,0.0237966894120601,0.0042009024958888,2023,2023-07,2023Q3,Monday,1,T2 Growth reach,Short video
Post_3070,2022-02-10,TikTok,#Fitness,Shorts,USA,2597115,209479,59884,29309,High,298672,0.11500145353594277,0.08065834589534926,0.02305789308521186,0.011285214555381645,2022,2022-02,2022Q1,Thursday,1,T2 Growth reach,Short video
Post_3079,2023-01-27,YouTube,#Fitness,Live Stream,India,3874541,325908,68520,3286,Low,397714,0.10264802979243219,0.08411525391007606,0.017684675423488873,0.0008481004588672568,2023,2023-01,2023Q1,Friday,1,T4 Mega reach,Live stream
Post_3088,2023-10-09,YouTube,#Fitness,Post,Germany,2307451,383944,11945,11701,Low,407590,0.17664080407341262,0.16639313250855597,0.005176707977764208,0.005070963587092424,2023,2023-10,2023Q4,Monday,1,T2 Growth reach,Image post
Post_3090,2023-04-25,Instagram,#Fitness,Post,Brazil,4548249,326779,68925,15219,Medium,410923,0.09034751615401883,0.07184720977237614,0.01515418351106107,0.0033461228705816237,2023,2023-04,2023Q2,Tuesday,1,T4 Mega reach,Image post
Post_3103,2022-09-11,Instagram,#Fitness,Live Stream,UK,3159453,460909,52610,20708,Medium,534227,0.16908844663933914,0.1458825309317784,0.016651616593125456,0.006554299114435315,2022,2022-09,2022Q3,Sunday,1,T3 Established reach,Live stream
Post_3107,2023-11-14,Instagram,#Fitness,Tweet,USA,1659996,78744,84042,26271,Medium,189057,0.11389003346996017,0.04743625888255153,0.050627832838151414,0.01582594174925723,2023,2023-11,2023Q4,Tuesday,1,T2 Growth reach,Text post
Post_3134,2023-08-06,TikTok,#Fitness,Shorts,Germany,2973845,499922,38576,19020,High,557518,0.18747379234627226,0.16810627319177698,0.012971758783662229,0.006395760370833046,2023,2023-08,2023Q3,Sunday,1,T3 Established reach,Short video
Post_3135,2022-04-11,Twitter,#Fitness,Reel,Canada,4718747,76519,2851,10195,High,89565,0.0189806743188393,0.016215957329350356,0.00060418581458171,0.002160531174907237,2022,2022-04,2022Q2,Monday,1,T4 Mega reach,Short video
Post_3146,2023-07-17,TikTok,#Fitness,Tweet,Japan,1428672,39949,70314,15133,Low,125396,0.08777102092012723,0.027962331451865788,0.04921633517000403,0.010592354298257403,2023,2023-07,2023Q3,Monday,1,T1 Emerging reach,Text post
Post_3152,2023-02-23,Instagram,#Fitness,Shorts,Japan,2088618,33474,31406,37790,Low,102670,0.04915690662438033,0.016026865611614954,0.015036737210921289,0.01809330380184409,2023,2023-02,2023Q1,Thursday,1,T2 Growth reach,Short video
Post_3153,2023-01-04,YouTube,#Fitness,Reel,Australia,1877888,358995,39781,6260,Medium,405036,0.21568698452729876,0.1911695479176607,0.021183904471406174,0.003333532138231886,2023,2023-01,2023Q1,Wednesday,1,T2 Growth reach,Short video
Post_3184,2023-08-13,Twitter,#Fitness,Post,India,2526693,23428,62797,28304,Medium,114529,0.0453276278518997,0.009272198878138342,0.024853434904834104,0.01120199406892725,2023,2023-08,2023Q3,Sunday,1,T2 Growth reach,Image post
Post_3196,2022-09-30,Instagram,#Fitness,Shorts,India,3228575,264811,27451,24414,High,316676,0.09808537822413914,0.08202101546347847,0.008502512718459383,0.007561850042201281,2022,2022-09,2022Q3,Friday,1,T3 Established reach,Short video
Post_3201,2023-03-20,YouTube,#Fitness,Shorts,USA,3861892,47708,76578,37640,Low,161926,0.04192918911248683,0.012353530342122462,0.019829140742413303,0.009746518027951066,2023,2023-03,2023Q1,Monday,1,T4 Mega reach,Short video
Post_3240,2022-07-25,Instagram,#Fitness,Shorts,India,2023201,336333,92713,45633,Medium,474679,0.23461781602519968,0.16623805543789272,0.04582490815297145,0.02255485243433549,2022,2022-07,2022Q3,Monday,1,T2 Growth reach,Short video
Post_3253,2022-09-28,YouTube,#Fitness,Post,Germany,3893488,343733,96061,23115,High,462909,0.11889313643704565,0.08828407844071948,0.02467222192543036,0.0059368360708958135,2022,2022-09,2022Q3,Wednesday,1,T4 Mega reach,Image post
Post_3259,2022-08-21,Instagram,#Fitness,Live Stream,UK,2872146,421936,20418,15861,Medium,458215,0.15953750261999217,0.14690618095319666,0.007108970087175234,0.005522351579620256,2022,2022-08,2022Q3,Sunday,1,T3 Established reach,Live stream
Post_3267,2023-07-22,Twitter,#Fitness,Post,UK,997408,90120,40959,39843,High,170922,0.1713661811415188,0.09035419808142706,0.0410654416246912,0.03994654143540056,2023,2023-07,2023Q3,Saturday,1,T1 Emerging reach,Image post
Post_3280,2022-12-31,Instagram,#Fitness,Video,India,2036540,16738,9695,43757,High,70190,0.034465318628654484,0.008218841761026054,0.004760525204513538,0.021485951663114893,2022,2022-12,2022Q4,Saturday,1,T2 Growth reach,Long-form video
Post_3293,2023-12-30,Instagram,#Fitness,Reel,Japan,4883378,87676,14621,26540,Medium,128837,0.02638276209623748,0.017953965472261208,0.002994034047743181,0.005434762576233091,2023,2023-12,2023Q4,Saturday,1,T4 Mega reach,Short video
Post_3310,2022-05-28,Instagram,#Fitness,Live Stream,Germany,1438981,309626,19111,19443,High,348180,0.24196288901660273,0.21517031844061874,0.013280925877409084,0.013511644698574894,2022,2022-05,2022Q2,Saturday,1,T1 Emerging reach,Live stream
Post_3321,2022-03-16,YouTube,#Fitness,Live Stream,Germany,3932748,87418,69326,40766,Low,197510,0.05022188047645056,0.02222822311523647,0.01762787750448287,0.010365779856731223,2022,2022-03,2022Q1,Wednesday,1,T4 Mega reach,Live stream
Post_3322,2022-06-28,YouTube,#Fitness,Post,India,4542259,260423,7198,14245,Medium,281866,0.06205414530523248,0.05733336650331916,0.001584674057555943,0.003136104744357378,2022,2022-06,2022Q2,Tuesday,1,T4 Mega reach,Image post
Post_3334,2023-06-17,Twitter,#Fitness,Live Stream,Brazil,467867,160629,19177,37369,Medium,217175,0.46418106000209464,0.3433219269578748,0.04098814406658303,0.07987098897763681,2023,2023-06,2023Q2,Saturday,1,T1 Emerging reach,Live stream
Post_3336,2022-12-12,TikTok,#Fitness,Tweet,Germany,2618940,346257,43800,19065,High,409122,0.15621663726545854,0.1322126509198378,0.01672432358129625,0.007279662764324498,2022,2022-12,2022Q4,Monday,1,T2 Growth reach,Text post
Post_3346,2023-07-25,TikTok,#Fitness,Post,UK,2830681,414830,64316,11743,Low,490889,0.1734172801527265,0.14654777419285325,0.022721034267019137,0.004148471692854122,2023,2023-07,2023Q3,Tuesday,1,T3 Established reach,Image post
Post_3358,2023-02-12,YouTube,#Fitness,Reel,UK,1757464,456820,93107,5984,Medium,555911,0.3163143028818798,0.25993135563516523,0.0529780410864746,0.003404906160239982,2023,2023-02,2023Q1,Sunday,1,T2 Growth reach,Short video
Post_3363,2022-09-24,YouTube,#Fitness,Reel,Canada,1886158,159864,50509,17527,Medium,227900,0.12082762949869523,0.08475642019385439,0.026778774630757337,0.009292434674083506,2022,2022-09,2022Q3,Saturday,1,T2 Growth reach,Short video
Post_3369,2022-09-30,TikTok,#Fitness,Tweet,USA,2801491,114130,35159,17982,Low,167271,0.05970784842785502,0.0407390207571611,0.01255010278455294,0.006418724886140987,2022,2022-09,2022Q3,Friday,1,T3 Established reach,Text post
Post_3374,2023-06-15,Twitter,#Fitness,Live Stream,USA,2367995,450601,77964,10111,Low,538676,0.2274818992438751,0.19028798624997098,0.032924056005185824,0.004269856988718304,2023,2023-06,2023Q2,Thursday,1,T2 Growth reach,Live stream
Post_3386,2022-04-03,Instagram,#Fitness,Tweet,UK,1322682,185370,26878,19908,Medium,232156,0.1755191346068065,0.14014706482737346,0.02032083297421451,0.015051236805218488,2022,2022-04,2022Q2,Sunday,1,T1 Emerging reach,Text post
Post_3397,2022-09-25,YouTube,#Fitness,Shorts,USA,968000,222736,58242,26124,Medium,307102,0.317254132231405,0.230099173553719,0.06016735537190083,0.026987603305785125,2022,2022-09,2022Q3,Sunday,1,T1 Emerging reach,Short video
Post_3429,2022-08-10,YouTube,#Fitness,Live Stream,India,4217451,78361,96864,20204,Low,195429,0.04633817915134047,0.018580180303221068,0.0229674274816708,0.004790571366448597,2022,2022-08,2022Q3,Wednesday,1,T4 Mega reach,Live stream
Post_3433,2023-10-30,YouTube,#Fitness,Tweet,Brazil,2706714,217585,40079,45339,Low,303003,0.11194496352403689,0.08038714101305125,0.014807253370692285,0.01675056914029336,2023,2023-10,2023Q4,Monday,1,T3 Established reach,Text post
Post_3434,2023-09-08,YouTube,#Fitness,Shorts,Germany,3463687,362435,12610,20119,Low,395164,0.11408767593607622,0.10463849649232163,0.003640629190801594,0.0058085502529529945,2023,2023-09,2023Q3,Friday,1,T3 Established reach,Short video
Post_3481,2022-10-06,TikTok,#Fitness,Live Stream,India,1998816,141958,6106,24332,Medium,172396,0.08624905944319036,0.07102104445831932,0.0030548084466003873,0.012173206538270656,2022,2022-10,2022Q4,Thursday,1,T2 Growth reach,Live stream
Post_3486,2022-07-05,Instagram,#Fitness,Video,Canada,1650691,213362,16662,28984,Medium,259008,0.15690883393681798,0.12925617211216395,0.010093954592349507,0.017558707232304533,2022,2022-07,2022Q3,Tuesday,1,T2 Growth reach,Long-form video
Post_3489,2023-09-04,TikTok,#Fitness,Tweet,UK,714670,193819,40082,26692,High,260593,0.3646340268935313,0.2712006940266137,0.056084626470958625,0.037348706395958976,2023,2023-09,2023Q3,Monday,1,T1 Emerging reach,Text post
Post_3503,2023-11-17,TikTok,#Fitness,Shorts,India,3408919,334245,59555,45940,Low,439740,0.12899690488392362,0.09805014434194535,0.01747034763806356,0.013476412903914702,2023,2023-11,2023Q4,Friday,1,T3 Established reach,Short video
Post_3524,2023-05-06,Twitter,#Fitness,Reel,Australia,3184543,439851,73024,1363,Low,514238,0.16147937082338032,0.1381206031760287,0.022930762749945596,0.0004280048974060014,2023,2023-05,2023Q2,Saturday,1,T3 Established reach,Short video
Post_3527,2022-03-12,Instagram,#Fitness,Tweet,India,1264685,227648,29351,23301,High,280300,0.22163621771429248,0.1800037163404326,0.023208150646208344,0.01842435072765155,2022,2022-03,2022Q1,Saturday,1,T1 Emerging reach,Text post
Post_3532,2023-11-17,TikTok,#Fitness,Reel,USA,821880,488060,56578,47146,Low,591784,0.7200369883681316,0.5938336496812187,0.06883973329439821,0.05736360539251472,2023,2023-11,2023Q4,Friday,1,T1 Emerging reach,Short video
Post_3540,2023-05-01,Instagram,#Fitness,Post,Canada,2899386,288198,97504,29093,Low,414795,0.1430630485213076,0.09939966599824929,0.0336291890765838,0.01003419344647453,2023,2023-05,2023Q2,Monday,1,T3 Established reach,Image post
Post_3542,2023-06-10,Instagram,#Fitness,Live Stream,Brazil,4037427,201579,92106,34502,Medium,328187,0.08128617557667296,0.04992759002206108,0.022813044050084372,0.008545541504527512,2023,2023-06,2023Q2,Saturday,1,T4 Mega reach,Live stream
Post_3553,2023-05-17,Instagram,#Fitness,Live Stream,Australia,2355608,335201,89190,47165,High,471556,0.20018441098858553,0.1422991431511525,0.03786283626138135,0.020022431576051703,2023,2023-05,2023Q2,Wednesday,1,T2 Growth reach,Live stream
Post_3555,2022-01-06,TikTok,#Fitness,Tweet,Canada,4714948,284181,38342,14433,High,336956,0.07146547533504082,0.06027235082974404,0.008132009091086476,0.0030611154142102946,2022,2022-01,2022Q1,Thursday,1,T4 Mega reach,Text post
Post_3581,2023-05-14,YouTube,#Fitness,Video,Brazil,3227162,30996,42925,10029,High,83950,0.026013568578212062,0.009604723902921514,0.013301160586298426,0.003107684088992124,2023,2023-05,2023Q2,Sunday,1,T3 Established reach,Long-form video
Post_3583,2023-01-05,Instagram,#Fitness,Live Stream,Australia,1294997,23756,95096,36485,Medium,155337,0.11995162923157351,0.018344444041183107,0.0734333747491307,0.02817381044125971,2023,2023-01,2023Q1,Thursday,1,T1 Emerging reach,Live stream
Post_3612,2023-01-30,Instagram,#Fitness,Post,Japan,2940522,25740,72776,35407,Low,133923,0.045543954440742156,0.008753547839465237,0.02474934722474445,0.012041059376532466,2023,2023-01,2023Q1,Monday,1,T3 Established reach,Image post
Post_3618,2023-10-01,Twitter,#Fitness,Video,Australia,1145112,347150,33144,42026,High,422320,0.3688023529576146,0.30315811903115153,0.02894389369773437,0.03670034022872872,2023,2023-10,2023Q4,Sunday,1,T1 Emerging reach,Long-form video
Post_3629,2022-08-07,Twitter,#Fitness,Post,Brazil,2451233,238629,57390,21836,Medium,317855,0.12967147553904504,0.09735059865789993,0.023412706992766496,0.008908169888378625,2022,2022-08,2022Q3,Sunday,1,T2 Growth reach,Image post
Post_3636,2022-01-24,YouTube,#Fitness,Tweet,Japan,636960,147410,83963,46376,Low,277749,0.43605406932931423,0.23142740517457924,0.13181832454157247,0.07280833961316252,2022,2022-01,2022Q1,Monday,1,T1 Emerging reach,Text post
Post_3645,2022-08-07,Twitter,#Fitness,Reel,Brazil,1637344,50807,32965,37638,Medium,121410,0.07415057556628296,0.031030131725526218,0.02013321574452284,0.0229872280962339,2022,2022-08,2022Q3,Sunday,1,T2 Growth reach,Short video
Post_3658,2022-04-05,Instagram,#Fitness,Live Stream,Germany,1058506,361715,51528,5422,Medium,418665,0.39552444672018866,0.3417222009133628,0.04867993190402322,0.005122313902802629,2022,2022-04,2022Q2,Tuesday,1,T1 Emerging reach,Live stream
Post_3675,2023-03-30,Twitter,#Fitness,Tweet,Japan,4309390,362837,17128,25765,High,405730,0.09415021615588286,0.08419683528295188,0.0039745764481748,0.005978804424756172,2023,2023-03,2023Q1,Thursday,1,T4 Mega reach,Text post
Post_3703,2022-04-09,Instagram,#Fitness,Shorts,Australia,3358197,230451,95429,22070,High,347950,0.1036121466370198,0.06862343096608091,0.028416736719138275,0.006571978951800624,2022,2022-04,2022Q2,Saturday,1,T3 Established reach,Short video
Post_3710,2022-09-20,YouTube,#Fitness,Tweet,India,1955706,361088,80015,8735,High,449838,0.23001310012854692,0.18463306856961118,0.04091361380493796,0.004466417753997789,2022,2022-09,2022Q3,Tuesday,1,T2 Growth reach,Text post
Post_3723,2022-09-03,YouTube,#Fitness,Reel,USA,4172550,437895,11878,22267,Low,472040,0.11312986063678086,0.10494661537908473,0.00284670045895196,0.005336544798744174,2022,2022-09,2022Q3,Saturday,1,T4 Mega reach,Short video
Post_3724,2023-08-29,YouTube,#Fitness,Video,Germany,2400911,46562,36026,24905,Low,107493,0.04477175538785069,0.019393471894626663,0.015005137633173408,0.010373145860050623,2023,2023-08,2023Q3,Tuesday,1,T2 Growth reach,Long-form video
Post_3733,2022-05-17,TikTok,#Fitness,Tweet,Canada,4975716,395122,48100,20122,Low,463344,0.09312107041479055,0.07941007887106097,0.009666950444920892,0.004044041098808694,2022,2022-05,2022Q2,Tuesday,1,T4 Mega reach,Text post
Post_3734,2023-06-05,YouTube,#Fitness,Tweet,Canada,4335309,121131,69437,5334,Medium,195902,0.04518755179849925,0.027940568942144608,0.016016620729917982,0.0012303621264366624,2023,2023-06,2023Q2,Monday,1,T4 Mega reach,Text post
Post_3737,2023-12-11,YouTube,#Fitness,Live Stream,UK,4221129,221432,27097,44357,Medium,292886,0.06938570226117231,0.05245800353412559,0.0064193726370362055,0.010508326090010517,2023,2023-12,2023Q4,Monday,1,T4 Mega reach,Live stream
Post_3760,2023-01-12,YouTube,#Fitness,Tweet,UK,4837174,493550,65769,12395,High,571714,0.11819173757239247,0.1020327157964547,0.013596575190390092,0.002562446585547677,2023,2023-01,2023Q1,Thursday,1,T4 Mega reach,Text post
Post_3774,2023-04-18,YouTube,#Fitness,Live Stream,India,2662468,395901,43291,11180,High,450372,0.1691558358635672,0.14869699842401862,0.016259725938490153,0.004199111501058416,2023,2023-04,2023Q2,Tuesday,1,T2 Growth reach,Live stream
Post_3796,2023-04-03,TikTok,#Fitness,Tweet,Japan,3447314,40473,28558,25286,High,94317,0.02735956167613394,0.011740444879694742,0.0082841307754385,0.007334986021000698,2023,2023-04,2023Q2,Monday,1,T3 Established reach,Text post
Post_3803,2022-06-10,TikTok,#Fitness,Shorts,Germany,1529342,292555,76539,12189,Low,381283,0.24931179553036534,0.1912946875192076,0.05004701368300877,0.007970094328148969,2022,2022-06,2022Q2,Friday,1,T2 Growth reach,Short video
Post_3811,2022-06-05,Instagram,#Fitness,Shorts,Brazil,1143058,108813,83246,23634,Low,215693,0.1886982112893659,0.09519464454122188,0.07282745057556135,0.020676116172582668,2022,2022-06,2022Q2,Sunday,1,T1 Emerging reach,Short video
Post_3818,2023-04-28,TikTok,#Fitness,Shorts,Germany,4112444,213599,81261,24440,Low,319300,0.07764239464415808,0.05193967382899317,0.01975978274719364,0.00594293806797126,2023,2023-04,2023Q2,Friday,1,T4 Mega reach,Short video
Post_3829,2023-01-07,TikTok,#Fitness,Reel,Brazil,564507,224904,9554,39726,Low,274184,0.48570522597594007,0.3984078142520819,0.016924502264808055,0.07037290945905011,2023,2023-01,2023Q1,Saturday,1,T1 Emerging reach,Short video
Post_3832,2023-05-11,Instagram,#Fitness,Reel,India,1521329,324725,63572,46365,Low,434662,0.2857120320456653,0.2134482416360958,0.04178714794761686,0.030476642461952676,2023,2023-05,2023Q2,Thursday,1,T2 Growth reach,Short video
Post_3833,2023-03-05,Twitter,#Fitness,Post,Germany,4801627,262727,22334,7455,Medium,292516,0.06092018392932229,0.054716245139407954,0.004651340056193453,0.0015525987337208825,2023,2023-03,2023Q1,Sunday,1,T4 Mega reach,Image post
Post_3858,2023-07-31,Twitter,#Fitness,Tweet,Japan,4694072,364519,55324,20924,Medium,440767,0.09389864492917877,0.07765517870198838,0.011785929146378667,0.004457537080811713,2023,2023-07,2023Q3,Monday,1,T4 Mega reach,Text post
Post_3893,2022-11-29,Twitter,#Fitness,Reel,USA,3578755,370590,32965,23433,High,426988,0.1193118836019789,0.10355277184383954,0.00921130393111571,0.006547807827023644,2022,2022-11,2022Q4,Tuesday,1,T3 Established reach,Short video
Post_3896,2023-03-08,YouTube,#Fitness,Reel,India,1863453,326354,13905,20155,Low,360414,0.19341190789357177,0.17513401196595782,0.0074619536956392245,0.010815942231974726,2023,2023-03,2023Q1,Wednesday,1,T2 Growth reach,Short video
Post_3901,2022-05-12,Instagram,#Fitness,Shorts,Australia,2271759,362820,34300,2604,Medium,399724,0.17595352323904076,0.159708842355197,0.015098432536197722,0.0011462483476460312,2022,2022-05,2022Q2,Thursday,1,T2 Growth reach,Short video
Post_3908,2022-09-10,TikTok,#Fitness,Reel,Canada,287898,92831,33257,5160,Low,131248,0.4558836810259189,0.32244406004904513,0.1155166065759401,0.017923014400933666,2022,2022-09,2022Q3,Saturday,1,T1 Emerging reach,Short video
Post_3912,2023-03-13,Twitter,#Fitness,Tweet,Australia,2064375,166788,9163,22734,Low,198685,0.09624462609748713,0.08079346049046321,0.004438631547078414,0.011012534059945504,2023,2023-03,2023Q1,Monday,1,T2 Growth reach,Text post
Post_3925,2023-06-30,Twitter,#Fitness,Reel,Australia,2624711,307198,71219,6193,Medium,384610,0.14653422795881146,0.11704069514700857,0.027134034947085602,0.0023594978647172964,2023,2023-06,2023Q2,Friday,1,T2 Growth reach,Short video
Post_3928,2023-02-19,Instagram,#Fitness,Post,Brazil,3499748,84192,50937,40619,Low,175748,0.050217329933469494,0.024056589217280787,0.01455447649373612,0.011606264222452587,2023,2023-02,2023Q1,Sunday,1,T3 Established reach,Image post
Post_3930,2023-02-02,Twitter,#Fitness,Video,Brazil,4021988,496947,98292,6829,Low,602068,0.14969413135991455,0.12355755412497502,0.024438660682229784,0.0016979165527097545,2023,2023-02,2023Q1,Thursday,1,T4 Mega reach,Long-form video
Post_3940,2023-01-15,YouTube,#Fitness,Video,USA,1058655,486037,47060,4660,Medium,537757,0.5079624618029481,0.4591080191374905,0.04445263093264567,0.004401811732811917,2023,2023-01,2023Q1,Sunday,1,T1 Emerging reach,Long-form video
Post_3943,2022-04-18,TikTok,#Fitness,Reel,Australia,3959483,363451,40906,30644,Low,435001,0.10986308060926137,0.09179253958155648,0.010331146768403856,0.007739394259301025,2022,2022-04,2022Q2,Monday,1,T4 Mega reach,Short video
Post_3955,2023-10-06,Twitter,#Fitness,Video,Germany,2832427,190157,12005,1268,Medium,203430,0.07182179805516611,0.06713571082326217,0.0042384146175700205,0.0004476726143339264,2023,2023-10,2023Q4,Friday,1,T3 Established reach,Long-form video
Post_3959,2023-04-30,Twitter,#Fitness,Shorts,Japan,3868670,289592,51598,34304,Medium,375494,0.09706023000152507,0.07485569976245066,0.013337400191797182,0.00886713004727723,2023,2023-04,2023Q2,Sunday,1,T4 Mega reach,Short video
Post_3962,2022-05-02,YouTube,#Fitness,Video,Canada,2980877,460881,87021,98,Medium,548000,0.1838385146384772,0.15461255194360585,0.02919308646415132,3.287623072001964e-05,2022,2022-05,2022Q2,Monday,1,T3 Established reach,Long-form video
Post_3970,2022-05-15,Instagram,#Fitness,Tweet,Germany,3337724,191570,71507,21918,Medium,284995,0.08538602952191374,0.057395398780726026,0.021423880464651962,0.006566750276535747,2022,2022-05,2022Q2,Sunday,1,T3 Established reach,Text post
Post_3993,2022-01-28,Twitter,#Fitness,Post,India,1671364,127067,2495,5413,Low,134975,0.080757393362547,0.07602592852305064,0.0014927927130176312,0.003238672126478732,2022,2022-01,2022Q1,Friday,1,T2 Growth reach,Image post
Post_3998,2022-06-22,Instagram,#Fitness,Video,India,819360,249139,23677,17298,High,290114,0.35407391134544036,0.3040653680921695,0.028896943956258542,0.021111599297012302,2022,2022-06,2022Q2,Wednesday,1,T1 Emerging reach,Long-form video
Post_4023,2023-10-21,Instagram,#Fitness,Video,Brazil,1120916,125751,65533,15013,Low,206297,0.1840432289306246,0.11218592651010424,0.05846379211287911,0.01339351030764125,2023,2023-10,2023Q4,Saturday,1,T1 Emerging reach,Long-form video
Post_4026,2022-04-08,YouTube,#Fitness,Reel,Germany,1752782,343059,44339,20919,High,408317,0.23295367022253766,0.19572257131805323,0.02529635744776019,0.011934741456724225,2022,2022-04,2022Q2,Friday,1,T2 Growth reach,Short video
Post_4042,2022-09-17,Instagram,#Fitness,Post,Germany,613581,340814,15805,34558,High,391177,0.6375311491066379,0.555450706589676,0.025758620296260804,0.0563218222207011,2022,2022-09,2022Q3,Saturday,1,T1 Emerging reach,Image post
Post_4043,2022-05-24,TikTok,#Fitness,Video,Brazil,4155659,447547,81762,7354,High,536663,0.12914028797839283,0.10769579505921925,0.019674857826400098,0.0017696350927734928,2022,2022-05,2022Q2,Tuesday,1,T4 Mega reach,Long-form video
Post_4045,2022-08-16,TikTok,#Fitness,Live Stream,Canada,4561998,433892,13968,41674,Medium,489534,0.10730692998988602,0.09511008115303865,0.0030618163357371045,0.009135032501110259,2022,2022-08,2022Q3,Tuesday,1,T4 Mega reach,Live stream
Post_4047,2023-07-23,YouTube,#Fitness,Live Stream,Japan,759304,289598,90867,28354,High,408819,0.5384128096256572,0.3813992814472201,0.11967143594660373,0.037342092231833365,2023,2023-07,2023Q3,Sunday,1,T1 Emerging reach,Live stream
Post_4048,2022-08-02,TikTok,#Fitness,Video,USA,4035840,146142,67286,46736,Low,260164,0.0644634078655249,0.03621104900095148,0.016672117824294324,0.0115802410402791,2022,2022-08,2022Q3,Tuesday,1,T4 Mega reach,Long-form video
Post_4057,2022-08-29,YouTube,#Fitness,Live Stream,UK,318153,139099,36928,11688,Low,187715,0.5900148670608166,0.43720788425694557,0.11606994119181652,0.03673704161205458,2022,2022-08,2022Q3,Monday,1,T1 Emerging reach,Live stream
Post_4058,2023-05-21,YouTube,#Fitness,Tweet,Australia,2662851,13209,44256,42595,Medium,100060,0.03757626694095915,0.004960472816541369,0.016619780828893545,0.015996013295524233,2023,2023-05,2023Q2,Sunday,1,T2 Growth reach,Text post
Post_4078,2023-10-12,Twitter,#Fitness,Post,India,4859286,76757,34856,6594,Medium,118207,0.024326001803557148,0.01579594203757507,0.007173070282341891,0.0013569894836401892,2023,2023-10,2023Q4,Thursday,1,T4 Mega reach,Image post
Post_4087,2022-05-25,Instagram,#Fitness,Reel,Japan,357877,73393,93580,6671,High,173644,0.48520581093504195,0.20507883993662626,0.2614864883744974,0.018640482623918275,2022,2022-05,2022Q2,Wednesday,1,T1 Emerging reach,Short video
Post_4097,2022-12-20,Instagram,#Fitness,Reel,Brazil,2073379,109399,75728,12420,High,197547,0.09527780497439205,0.05276362883968633,0.03652395437592452,0.005990221758781197,2022,2022-12,2022Q4,Tuesday,1,T2 Growth reach,Short video
Post_4102,2023-09-15,YouTube,#Fitness,Live Stream,Japan,1526385,275820,95119,19416,Medium,390355,0.25573823118020683,0.18070146129580675,0.06231651909577204,0.012720250788628033,2023,2023-09,2023Q3,Friday,1,T2 Growth reach,Live stream
Post_4116,2022-04-06,Twitter,#Fitness,Post,India,4161514,359846,61977,23808,Low,445631,0.1070838641898117,0.08646997222645413,0.014892897152334463,0.005720994811023104,2022,2022-04,2022Q2,Wednesday,1,T4 Mega reach,Image post
Post_4117,2022-10-14,TikTok,#Fitness,Video,Japan,768809,305597,53014,10251,Medium,368862,0.4797836653837299,0.3974940459854138,0.06895600857950414,0.013333610818811955,2022,2022-10,2022Q4,Friday,1,T1 Emerging reach,Long-form video
Post_4122,2023-11-04,YouTube,#Fitness,Shorts,USA,4127405,239815,25258,35670,Medium,300743,0.07286491148796884,0.0581030938325655,0.006119583612463521,0.008642234042939814,2023,2023-11,2023Q4,Saturday,1,T4 Mega reach,Short video
Post_4125,2022-11-12,Instagram,#Fitness,Reel,Canada,3353507,138181,13507,12087,Low,163775,0.048836933991788296,0.041204923681387874,0.0040277238127130795,0.0036042864976873466,2022,2022-11,2022Q4,Saturday,1,T3 Established reach,Short video
Post_4131,2023-07-12,TikTok,#Fitness,Reel,Brazil,914192,361829,86970,47559,Low,496358,0.5429472145894955,0.3957910373313265,0.09513318865183681,0.05202298860633215,2023,2023-07,2023Q3,Wednesday,1,T1 Emerging reach,Short video
Post_4134,2023-05-30,Instagram,#Fitness,Tweet,Australia,2491489,57916,10858,37910,Low,106684,0.04281937427779131,0.023245537106525455,0.004358036499458757,0.0152158006718071,2023,2023-05,2023Q2,Tuesday,1,T2 Growth reach,Text post
Post_4140,2023-04-17,Instagram,#Fitness,Video,Germany,3263236,473992,14768,33422,Medium,522182,0.16001968598041943,0.14525213622306202,0.004525569097668694,0.010241980659688727,2023,2023-04,2023Q2,Monday,1,T3 Established reach,Long-form video
Post_4161,2023-04-21,TikTok,#Fitness,Video,Brazil,4717790,125541,75795,38504,High,239840,0.05083736240909409,0.02661012889509707,0.01606578503918148,0.00816144847481554,2023,2023-04,2023Q2,Friday,1,T4 Mega reach,Long-form video
Post_4168,2023-01-29,TikTok,#Fitness,Video,Brazil,1792756,491389,73253,31069,Medium,595711,0.3322878294648017,0.2740969769449942,0.04086055213314026,0.017330300386667233,2023,2023-01,2023Q1,Sunday,1,T2 Growth reach,Long-form video
Post_4174,2023-01-12,Twitter,#Fitness,Shorts,UK,4485980,113834,44375,49799,High,208008,0.04636846352413519,0.025375503234521778,0.009891929968479573,0.011101030321133843,2023,2023-01,2023Q1,Thursday,1,T4 Mega reach,Short video
Post_4190,2022-03-10,YouTube,#Fitness,Live Stream,Canada,4483252,371769,59628,14299,Medium,445696,0.09941355069935841,0.08292395787700535,0.013300166932396395,0.0031894258899566653,2022,2022-03,2022Q1,Thursday,1,T4 Mega reach,Live stream
Post_4197,2023-12-26,Twitter,#Fitness,Live Stream,Australia,1779047,64478,18103,7857,Low,90438,0.050835081928695534,0.036242999763356445,0.010175672705667698,0.004416409459671386,2023,2023-12,2023Q4,Tuesday,1,T2 Growth reach,Live stream
Post_4199,2022-04-10,Twitter,#Fitness,Reel,Australia,2938655,483237,98936,21895,Low,604068,0.20555934602734924,0.16444155574574082,0.03366710280723664,0.007450687474371779,2022,2022-04,2022Q2,Sunday,1,T3 Established reach,Short video
Post_4200,2022-08-02,Twitter,#Fitness,Reel,Australia,2121336,330030,12817,21347,High,364194,0.17168143094728983,0.15557648576180294,0.006041947150286424,0.010062998035200459,2022,2022-08,2022Q3,Tuesday,1,T2 Growth reach,Short video
Post_4212,2023-05-18,Twitter,#Fitness,Shorts,Germany,2445074,339219,42119,49060,High,430398,0.1760265742468326,0.1387356783475674,0.01722606350564441,0.020064832393620807,2023,2023-05,2023Q2,Thursday,1,T2 Growth reach,Short video
Post_4213,2023-01-04,TikTok,#Fitness,Live Stream,Japan,3761056,2630,62256,44327,High,109213,0.029037855325738302,0.0006992716939072431,0.016552797937600505,0.011785785694230557,2023,2023-01,2023Q1,Wednesday,1,T3 Established reach,Live stream
Post_4215,2023-09-04,Twitter,#Fitness,Shorts,Australia,1393642,7098,15097,1221,Low,23416,0.016802019456933704,0.005093130086492801,0.010832767669171853,0.000876121701269049,2023,2023-09,2023Q3,Monday,1,T1 Emerging reach,Short video
Post_4226,2023-12-05,Twitter,#Fitness,Shorts,India,328897,147381,42373,23817,Medium,213571,0.649355269278832,0.4481068541215031,0.12883364700802988,0.07241476814929902,2023,2023-12,2023Q4,Tuesday,1,T1 Emerging reach,Short video
Post_4240,2023-04-13,TikTok,#Fitness,Shorts,Australia,4487202,309686,91035,42034,Low,442755,0.09867061924112175,0.06901539088278175,0.02028769821371982,0.009367530144620188,2023,2023-04,2023Q2,Thursday,1,T4 Mega reach,Short video
Post_4246,2022-02-03,Instagram,#Fitness,Tweet,Brazil,852004,355651,82868,32850,Low,471369,0.553247402594354,0.4174287914141248,0.09726245416688184,0.03855615701334736,2022,2022-02,2022Q1,Thursday,1,T1 Emerging reach,Text post
Post_4252,2023-09-10,Instagram,#Fitness,Live Stream,Australia,1925512,445030,93050,27310,Low,565390,0.2936309926918139,0.23112294288480154,0.04832480919360669,0.014183240613405682,2023,2023-09,2023Q3,Sunday,1,T2 Growth reach,Live stream
Post_4263,2022-03-01,YouTube,#Fitness,Live Stream,Germany,3856845,195911,46850,13291,Low,256052,0.06638897855630703,0.05079566329473961,0.012147234332725323,0.0034460809288420977,2022,2022-03,2022Q1,Tuesday,1,T3 Established reach,Live stream
Post_4269,2022-10-15,Instagram,#Fitness,Video,Canada,3247449,388272,6238,25311,Medium,419821,0.12927716493777117,0.11956215478672644,0.001920892368132648,0.007794117782912064,2022,2022-10,2022Q4,Saturday,1,T3 Established reach,Long-form video
Post_4273,2023-01-02,YouTube,#Fitness,Live Stream,UK,4067513,313641,41751,34036,High,389428,0.09574105847971476,0.07710878858899775,0.01026450314971335,0.008367766741003655,2023,2023-01,2023Q1,Monday,1,T4 Mega reach,Live stream
Post_4278,2022-09-17,YouTube,#Fitness,Reel,Japan,1747564,183228,4734,33207,Medium,221169,0.12655845508376232,0.10484766223154059,0.002708913664964488,0.019001879187257233,2022,2022-09,2022Q3,Saturday,1,T2 Growth reach,Short video
Post_4284,2023-06-21,Instagram,#Fitness,Reel,Germany,782140,39109,45106,34619,Medium,118834,0.15193443629017822,0.05000255708696653,0.05766998235609993,0.04426189684711177,2023,2023-06,2023Q2,Wednesday,1,T1 Emerging reach,Short video
Post_4287,2023-10-12,Instagram,#Fitness,Tweet,Canada,1701218,219365,32346,9017,Medium,260728,0.15325960576481085,0.12894584938555786,0.019013436255670937,0.0053003201235820455,2023,2023-10,2023Q4,Thursday,1,T2 Growth reach,Text post
Post_4290,2022-02-01,YouTube,#Fitness,Post,UK,468433,104947,95399,32253,High,232599,0.4965469981833048,0.22403844306442972,0.20365559215512144,0.06885296296375362,2022,2022-02,2022Q1,Tuesday,1,T1 Emerging reach,Image post
Post_4297,2023-11-17,YouTube,#Fitness,Video,USA,4478176,393579,14318,9635,High,417532,0.09323706794909356,0.08788823842564472,0.003197283894156907,0.002151545629291926,2023,2023-11,2023Q4,Friday,1,T4 Mega reach,Long-form video
Post_4298,2023-05-26,TikTok,#Fitness,Reel,Brazil,3856234,410366,55392,8229,Low,473987,0.12291448081210839,0.1064162600091177,0.014364273537342391,0.0021339472656482983,2023,2023-05,2023Q2,Friday,1,T3 Established reach,Short video
Post_4308,2022-06-23,TikTok,#Fitness,Live Stream,Japan,4725553,83787,37879,49935,High,171601,0.036313421942363144,0.01773062327308571,0.008015781433411074,0.010567017235866363,2022,2022-06,2022Q2,Thursday,1,T4 Mega reach,Live stream
Post_4311,2023-04-02,Instagram,#Fitness,Reel,India,1825709,104030,69496,17900,High,191426,0.10485022530972898,0.05698060315198095,0.038065211925887424,0.009804410231860608,2023,2023-04,2023Q2,Sunday,1,T2 Growth reach,Short video
Post_4318,2023-05-20,Instagram,#Fitness,Tweet,Australia,4447344,202595,89767,16312,Medium,308674,0.06940636928467868,0.04555415546897204,0.020184406693073437,0.003667807122633194,2023,2023-05,2023Q2,Saturday,1,T4 Mega reach,Text post
Post_4322,2023-04-19,YouTube,#Fitness,Reel,India,3693552,249768,16084,5323,Medium,271175,0.07341848713650166,0.06762271114634368,0.004354615827799365,0.0014411601623586184,2023,2023-04,2023Q2,Wednesday,1,T3 Established reach,Short video
Post_4330,2023-02-25,Twitter,#Fitness,Post,Canada,1129787,317233,81454,20816,Low,419503,0.3713115835108742,0.28079009583222325,0.07209677576392719,0.018424711914723748,2023,2023-02,2023Q1,Saturday,1,T1 Emerging reach,Image post
Post_4336,2022-08-03,Instagram,#Fitness,Video,Japan,1976436,196516,93950,14802,High,305268,0.1544537743696229,0.09942947811110504,0.047535058053992135,0.007489238204525722,2022,2022-08,2022Q3,Wednesday,1,T2 Growth reach,Long-form video
Post_4340,2023-12-21,TikTok,#Fitness,Post,Japan,1823643,250776,13446,24572,Medium,288794,0.15836103886561131,0.13751375680437455,0.007373153627107937,0.013474128434128829,2023,2023-12,2023Q4,Thursday,1,T2 Growth reach,Image post
Post_4341,2023-07-04,Instagram,#Fitness,Reel,Canada,3274826,163123,83423,21320,High,267866,0.08179549081386309,0.04981119607576097,0.025474025184849515,0.0065102695532526,2023,2023-07,2023Q3,Tuesday,1,T3 Established reach,Short video
Post_4344,2023-12-29,Instagram,#Fitness,Live Stream,Japan,4487563,464720,58373,32131,Low,555224,0.12372505968161339,0.10355732053232455,0.013007728248049109,0.007160010901239715,2023,2023-12,2023Q4,Friday,1,T4 Mega reach,Live stream
Post_4359,2023-11-01,YouTube,#Fitness,Live Stream,Australia,818282,458526,74074,3589,Low,536189,0.6552618779345017,0.5603520546706392,0.09052380475190705,0.004386018511955536,2023,2023-11,2023Q4,Wednesday,1,T1 Emerging reach,Live stream
Post_4361,2023-10-27,Instagram,#Fitness,Reel,UK,3194403,260682,76842,15971,Medium,353495,0.11066074005064483,0.08160585874731523,0.024055199046582414,0.004999682256747192,2023,2023-10,2023Q4,Friday,1,T3 Established reach,Short video
Post_4370,2023-09-03,Twitter,#Fitness,Live Stream,India,3338024,257886,33840,16547,Low,308273,0.09235194234672968,0.07725708383163213,0.010137734180461254,0.0049571243346363,2023,2023-09,2023Q3,Sunday,1,T3 Established reach,Live stream
Post_4381,2023-07-25,Instagram,#Fitness,Live Stream,Canada,1176367,412820,10950,43729,Low,467499,0.3974091418749421,0.3509278992015247,0.009308319597540563,0.03717292307587683,2023,2023-07,2023Q3,Tuesday,1,T1 Emerging reach,Live stream
Post_4392,2022-09-23,Instagram,#Fitness,Shorts,Australia,4608617,83329,8332,25349,Low,117010,0.02538939556053367,0.0180811293279524,0.0018079176464436077,0.005500348586137663,2022,2022-09,2022Q3,Friday,1,T4 Mega reach,Short video
Post_4413,2022-09-09,Twitter,#Fitness,Post,India,813436,150574,60145,45183,Low,255902,0.31459389552466327,0.1851086010454418,0.07393943715301511,0.055545857326206365,2022,2022-09,2022Q3,Friday,1,T1 Emerging reach,Image post
Post_4425,2023-05-09,Twitter,#Fitness,Tweet,Australia,751792,34057,22585,6591,Low,63233,0.08410970055547279,0.04530109391959478,0.030041554046864025,0.008767052589013983,2023,2023-05,2023Q2,Tuesday,1,T1 Emerging reach,Text post
Post_4441,2022-07-10,TikTok,#Fitness,Shorts,India,3072740,261975,66794,31510,Medium,360279,0.11725007647897316,0.08525778295592859,0.021737602270286455,0.010254691252758125,2022,2022-07,2022Q3,Sunday,1,T3 Established reach,Short video
Post_4452,2022-05-21,Instagram,#Fitness,Reel,Germany,1945496,290804,36541,15838,Low,343183,0.17639871785909608,0.1494755065032259,0.01878235678716379,0.008140854568706387,2022,2022-05,2022Q2,Saturday,1,T2 Growth reach,Short video
Post_4458,2023-07-29,Instagram,#Fitness,Reel,Australia,2304449,355721,54164,43193,Low,453078,0.19661012241971942,0.1543627131691784,0.023504100112434687,0.01874330913810633,2023,2023-07,2023Q3,Saturday,1,T2 Growth reach,Short video
Post_4468,2023-02-16,Twitter,#Fitness,Live Stream,USA,2381324,166638,40364,47901,Medium,254903,0.10704255279835924,0.06997703798391147,0.01695023440741369,0.02011528040703407,2023,2023-02,2023Q1,Thursday,1,T2 Growth reach,Live stream
Post_4476,2023-04-14,YouTube,#Fitness,Video,Canada,4412202,420756,75784,30893,Medium,527433,0.1195396312317523,0.09536190772770603,0.017176004181132232,0.007001719322914046,2023,2023-04,2023Q2,Friday,1,T4 Mega reach,Long-form video
Post_4509,2023-02-15,Instagram,#Fitness,Reel,USA,959411,133168,45872,14351,Medium,193391,0.2015726315416438,0.13880182737116836,0.04781266839758977,0.014958135772885656,2023,2023-02,2023Q1,Wednesday,1,T1 Emerging reach,Short video
Post_4523,2022-07-24,Twitter,#Fitness,Video,Japan,3629617,180754,9532,6313,High,196599,0.05416521908509906,0.0497997447113566,0.002626172403314179,0.0017393019704282848,2022,2022-07,2022Q3,Sunday,1,T3 Established reach,Long-form video
Post_4550,2022-06-11,YouTube,#Fitness,Tweet,Brazil,3493327,206084,162,1310,Low,207556,0.05941499321420526,0.058993618404460844,4.6374129876762184e-05,0.0003750006798676448,2022,2022-06,2022Q2,Saturday,1,T3 Established reach,Text post
Post_4562,2022-03-20,TikTok,#Fitness,Shorts,Canada,2106161,458518,62036,19006,Medium,539560,0.2561817448903479,0.2177032050256367,0.029454538375746204,0.009024001488964994,2022,2022-03,2022Q1,Sunday,1,T2 Growth reach,Short video
Post_4567,2023-01-30,Instagram,#Fitness,Reel,USA,1011802,337782,88350,32967,Medium,459099,0.4537439143231581,0.3338419967543057,0.08731945578285079,0.03258246178600161,2023,2023-01,2023Q1,Monday,1,T1 Emerging reach,Short video
Post_4586,2023-09-29,TikTok,#Fitness,Reel,India,4099779,9695,81909,2348,Low,93952,0.02291635719876608,0.0023647616127601026,0.01997888178850616,0.0005727137974998165,2023,2023-09,2023Q3,Friday,1,T4 Mega reach,Short video
Post_4588,2023-02-06,TikTok,#Fitness,Live Stream,Australia,4292584,56812,1813,7614,Low,66239,0.015431031751504455,0.013234918641079592,0.0004223563243025646,0.0017737567861222984,2023,2023-02,2023Q1,Monday,1,T4 Mega reach,Live stream
Post_4605,2023-08-25,YouTube,#Fitness,Live Stream,UK,3635998,477287,87839,13330,Low,578456,0.15909139663993216,0.13126712390930909,0.024158154102394996,0.0036661186282280684,2023,2023-08,2023Q3,Friday,1,T3 Established reach,Live stream
Post_4626,2023-08-07,TikTok,#Fitness,Tweet,UK,2056923,397189,60950,27927,High,486066,0.23630733868015477,0.1930986235265005,0.029631639103651426,0.013577076050002844,2023,2023-08,2023Q3,Monday,1,T2 Growth reach,Text post
Post_4633,2023-04-27,Twitter,#Fitness,Video,Germany,2768780,88156,68849,36985,Medium,193990,0.07006334920073101,0.0318392938406085,0.024866186551477546,0.013357868808644962,2023,2023-04,2023Q2,Thursday,1,T3 Established reach,Long-form video
Post_4643,2023-09-12,TikTok,#Fitness,Live Stream,Germany,3029888,257416,52387,39227,Low,349030,0.1151956771999493,0.08495891597313168,0.017290078049089604,0.012946683177728022,2023,2023-09,2023Q3,Tuesday,1,T3 Established reach,Live stream
Post_4661,2023-01-13,TikTok,#Fitness,Post,Germany,1405472,99945,45962,28980,High,174887,0.12443293071651373,0.07111134195487352,0.03270218118895289,0.020619407572687324,2023,2023-01,2023Q1,Friday,1,T1 Emerging reach,Image post
Post_4666,2022-05-03,Twitter,#Fitness,Tweet,Germany,4945393,876,25541,16000,Medium,42417,0.008577073652184974,0.00017713455735469355,0.005164604713922634,0.0032353343809076447,2022,2022-05,2022Q2,Tuesday,1,T4 Mega reach,Text post
Post_4678,2022-08-10,TikTok,#Fitness,Tweet,UK,3048931,400764,81551,1571,Low,483886,0.15870677296403232,0.13144410286752964,0.02674740753398486,0.0005152625625178136,2022,2022-08,2022Q3,Wednesday,1,T3 Established reach,Text post
Post_4687,2022-07-13,YouTube,#Fitness,Shorts,Germany,4607563,104267,40838,31440,Low,176545,0.0383163507476729,0.022629533226132773,0.008863253741728545,0.006823563779811584,2022,2022-07,2022Q3,Wednesday,1,T4 Mega reach,Short video
Post_4688,2022-09-21,YouTube,#Fitness,Shorts,Australia,3602630,497385,30893,43944,High,572222,0.15883451811593197,0.13806163830312854,0.008575124284203485,0.01219775552859994,2022,2022-09,2022Q3,Wednesday,1,T3 Established reach,Short video
Post_4694,2022-11-13,Twitter,#Fitness,Shorts,USA,3240909,43890,52928,33640,Medium,130458,0.04025352146573693,0.013542496873562324,0.01633122065445219,0.01037980393772241,2022,2022-11,2022Q4,Sunday,1,T3 Established reach,Short video
Post_4712,2023-09-21,TikTok,#Fitness,Live Stream,India,2864591,79967,39479,6156,High,125602,0.043846399014728456,0.027915678014767204,0.013781723115097408,0.0021489978848638425,2023,2023-09,2023Q3,Thursday,1,T3 Established reach,Live stream
Post_4728,2023-11-02,Instagram,#Fitness,Tweet,Australia,453593,164787,60691,27711,Low,253189,0.5581854217326987,0.36329264340499084,0.13380056570537904,0.06109221262232883,2023,2023-11,2023Q4,Thursday,1,T1 Emerging reach,Text post
Post_4737,2023-03-24,Instagram,#Fitness,Reel,Brazil,4436970,261021,47592,40550,Medium,349163,0.07869401866589136,0.058828660099121695,0.01072623885218967,0.009139119714579995,2023,2023-03,2023Q1,Friday,1,T4 Mega reach,Short video
Post_4746,2023-10-24,Instagram,#Fitness,Tweet,Australia,4033578,51533,75559,11512,Low,138604,0.034362543627518796,0.012776001852449611,0.01873250002851067,0.0028540417465585145,2023,2023-10,2023Q4,Tuesday,1,T4 Mega reach,Text post
Post_4747,2022-02-20,Twitter,#Fitness,Live Stream,India,3327912,51574,51539,29622,Medium,132735,0.03988536956506061,0.015497404979458592,0.015486887874438988,0.008901076711163036,2022,2022-02,2022Q1,Sunday,1,T3 Established reach,Live stream
Post_4765,2022-06-30,TikTok,#Fitness,Shorts,India,4001869,426578,74476,13790,Medium,514844,0.1286508878726415,0.10659469362940166,0.01861030433529933,0.0034458899079405146,2022,2022-06,2022Q2,Thursday,1,T4 Mega reach,Short video
Post_4767,2023-10-19,Instagram,#Fitness,Video,Brazil,4087039,483900,15030,24612,Low,523542,0.12809811699863888,0.11839867444377213,0.00367747897683384,0.006021963578032898,2023,2023-10,2023Q4,Thursday,1,T4 Mega reach,Long-form video
Post_4774,2023-11-03,Twitter,#Fitness,Video,Canada,4019882,131670,67263,648,Low,199581,0.049648472268588976,0.032754692799440384,0.016732580707592908,0.00016119876155568745,2023,2023-11,2023Q4,Friday,1,T4 Mega reach,Long-form video
Post_4780,2023-10-24,Instagram,#Fitness,Tweet,UK,1085330,403285,93043,35529,Low,531857,0.4900417384574277,0.3715782296628675,0.0857278431444814,0.03273566565007878,2023,2023-10,2023Q4,Tuesday,1,T1 Emerging reach,Text post
Post_4808,2022-11-09,TikTok,#Fitness,Video,Germany,1784267,10082,55617,18055,Low,83754,0.046940284161507216,0.005650499616929529,0.031170783296446104,0.010119001248131585,2022,2022-11,2022Q4,Wednesday,1,T2 Growth reach,Long-form video
Post_4812,2023-05-01,Twitter,#Fitness,Tweet,Japan,4308976,171495,9299,12469,Medium,193263,0.044851259324721234,0.03979947904096008,0.002158053328679482,0.0028937269550816714,2023,2023-05,2023Q2,Monday,1,T4 Mega reach,Text post
Post_4814,2023-11-11,TikTok,#Fitness,Tweet,Canada,4852422,454011,36924,24724,Low,515659,0.10626837484456216,0.09356379144270634,0.007609395885188881,0.005095187516666934,2023,2023-11,2023Q4,Saturday,1,T4 Mega reach,Text post
Post_4850,2022-11-01,Instagram,#Fitness,Tweet,Japan,314695,60303,73622,3048,High,136973,0.43525635933205165,0.19162363558366036,0.23394715518200163,0.009685568566389679,2022,2022-11,2022Q4,Tuesday,1,T1 Emerging reach,Text post
Post_4870,2022-07-14,TikTok,#Fitness,Post,Japan,3945046,160086,9229,19659,High,188974,0.047901596077713667,0.04057899451616027,0.00233938970546858,0.0049832118560848215,2022,2022-07,2022Q3,Thursday,1,T4 Mega reach,Image post
Post_4874,2023-09-23,Instagram,#Fitness,Video,Japan,2758867,340168,97166,37399,High,474733,0.17207534832233667,0.12329989086099474,0.035219530336185106,0.013555927125156813,2023,2023-09,2023Q3,Saturday,1,T3 Established reach,Long-form video
Post_4876,2022-07-05,Twitter,#Fitness,Live Stream,Japan,2965197,279571,11782,32670,High,324023,0.10927537023678359,0.09428412344947064,0.003973429084138423,0.011017817703174528,2022,2022-07,2022Q3,Tuesday,1,T3 Established reach,Live stream
Post_4887,2022-07-21,Instagram,#Fitness,Shorts,Japan,1844185,111830,35146,38332,Low,185308,0.10048232688152219,0.06063925256956325,0.019057740953320843,0.020785333358638098,2022,2022-07,2022Q3,Thursday,1,T2 Growth reach,Short video
Post_4892,2022-10-31,TikTok,#Fitness,Shorts,Brazil,3255420,225181,95950,6608,Low,327739,0.1006748745169594,0.06917110541804129,0.02947392348759914,0.0020298456113189696,2022,2022-10,2022Q4,Monday,1,T3 Established reach,Short video
Post_4895,2023-04-03,Twitter,#Fitness,Shorts,UK,3820295,66203,57953,24448,Medium,148604,0.03889856673372082,0.017329290015561626,0.01516977092083203,0.006399505797327169,2023,2023-04,2023Q2,Monday,1,T3 Established reach,Short video
Post_4903,2022-01-02,Twitter,#Fitness,Reel,Germany,2940958,59927,59494,31869,High,151290,0.051442421143042504,0.02037669358079918,0.020229462644485233,0.010836264917758092,2022,2022-01,2022Q1,Sunday,1,T3 Established reach,Short video
Post_4910,2023-07-20,YouTube,#Fitness,Shorts,Australia,4924732,19697,7821,21185,Medium,48703,0.009889472158078855,0.003999608506615182,0.0015881067233709367,0.004301756928092737,2023,2023-07,2023Q3,Thursday,1,T4 Mega reach,Short video
Post_4915,2022-06-04,YouTube,#Fitness,Shorts,UK,3676339,359259,62782,5095,Low,427136,0.11618515049890665,0.0977219456638792,0.01707731523126676,0.0013858896037606979,2022,2022-06,2022Q2,Saturday,1,T3 Established reach,Short video
Post_4916,2023-02-25,Twitter,#Fitness,Reel,USA,4311300,487965,99408,9518,High,596891,0.1384480319161274,0.11318279869180989,0.02305754644770719,0.0022076867766103033,2023,2023-02,2023Q1,Saturday,1,T4 Mega reach,Short video
Post_4918,2022-07-17,Instagram,#Fitness,Reel,Japan,1162556,409948,70388,9723,High,490059,0.421535822790472,0.3526264541235003,0.06054590058457399,0.00836346808239775,2022,2022-07,2022Q3,Sunday,1,T1 Emerging reach,Short video
Post_4925,2022-05-04,TikTok,#Fitness,Live Stream,USA,3084289,108961,56261,7963,Low,173185,0.056150704424909596,0.03532775300887822,0.018241157038137477,0.0025817943778939003,2022,2022-05,2022Q2,Wednesday,1,T3 Established reach,Live stream
Post_4931,2023-11-11,TikTok,#Fitness,Video,Japan,4273210,219157,57767,31224,High,308148,0.07211159760461106,0.05128626957252276,0.013518408877635314,0.007306919154452976,2023,2023-11,2023Q4,Saturday,1,T4 Mega reach,Long-form video
Post_4934,2023-11-18,Twitter,#Fitness,Video,Japan,920003,299451,34395,13688,High,347534,0.37775311602244777,0.3254891560136217,0.03738574765517069,0.014878212353655369,2023,2023-11,2023Q4,Saturday,1,T1 Emerging reach,Long-form video
Post_4941,2023-12-15,Instagram,#Fitness,Video,Australia,1840183,79448,55602,2024,Medium,137074,0.0744893306806986,0.043173966936983985,0.030215473135008854,0.0010998906087057647,2023,2023-12,2023Q4,Friday,1,T2 Growth reach,Long-form video
Post_4960,2022-01-25,TikTok,#Fitness,Post,Australia,1304988,87209,77931,24147,Low,189287,0.14504884336101176,0.06682743442851581,0.05971779050841847,0.018503618424077464,2022,2022-01,2022Q1,Tuesday,1,T1 Emerging reach,Image post
Post_4965,2023-05-18,TikTok,#Fitness,Post,USA,4813259,282065,40201,10672,Low,332938,0.06917101282104288,0.05860166677089265,0.008352137294087021,0.0022172087560631995,2023,2023-05,2023Q2,Thursday,1,T4 Mega reach,Image post
Post_4990,2023-08-20,Instagram,#Fitness,Shorts,Australia,535624,202764,39983,22546,Medium,265293,0.4952970740668827,0.37855659940555314,0.07464751392768061,0.04209296073364898,2023,2023-08,2023Q3,Sunday,1,T1 Emerging reach,Short video
